<?xml version="1.0" encoding="UTF-8"?>
<gpx
version="1.1"
creator="OpenTracks"
xmlns="http://www.topografix.com/GPX/1/1"
xmlns:topografix="http://www.topografix.com/GPX/Private/TopoGrafix/0/1"
xmlns:xsi="http://www.w3.org/2001/XMLSchema-instance"
xmlns:opentracks="http://opentracksapp.com/xmlschemas/v1"
xmlns:gpxtpx="http://www.garmin.com/xmlschemas/TrackPointExtension/v2"
xmlns:gpxtrkx="http://www.garmin.com/xmlschemas/TrackStatsExtension/v1"
xmlns:cluetrust="http://www.cluetrust.com/Schemas/"
xmlns:pwr="http://www.garmin.com/xmlschemas/PowerExtension/v1"
xsi:schemaLocation="http://www.topografix.com/GPX/1/1 http://www.topografix.com/GPX/1/1/gpx.xsd http://www.topografix.com/GPX/Private/TopoGrafix/0/1 http://www.topografix.com/GPX/Private/TopoGrafix/0/1/topografix.xsd http://www.garmin.com/xmlschemas/TrackPointExtension/v2 https://www8.garmin.com/xmlschemas/TrackPointExtensionv2.xsd http://www.garmin.com/xmlschemas/PowerExtension/v1 https://www8.garmin.com/xmlschemas/PowerExtensionv1.xsd http://www.garmin.com/xmlschemas/TrackStatsExtension/v1 https://www8.garmin.com/xmlschemas/TrackStatsExtension.xsd http://www.cluetrust.com/Schemas https://www.cluetrust.com/Schemas/gpxdata10.xsd http://opentracksapp.com/xmlschemas/v1 http://opentracksapp.com/xmlschemas/OpenTracks_v1.xsd">
<trk>
<name><![CDATA[2026-09-17T18:32+02]]></name>
<desc><![CDATA[Villeneuve dolmes]]></desc>
<type><![CDATA[unknown]]></type>
<extensions>
<topografix:color>c0c0c0</topografix:color>
<opentracks:trackid>9676d72e-e8d8-42a4-acb4-23507b56df82</opentracks:trackid>
<opentracks:typeTranslated><![CDATA[inconnue]]></opentracks:typeTranslated>
<gpxtrkx:TrackStatsExtension>
<gpxtrkx:Distance>9123.615234375</gpxtrkx:Distance>
<gpxtrkx:TotalElapsedTime>7154</gpxtrkx:TotalElapsedTime>
<gpxtrkx:MovingTime>6162</gpxtrkx:MovingTime>
<gpxtrkx:StoppedTime>992</gpxtrkx:StoppedTime>
<gpxtrkx:MaxSpeed>1.7526291608810425</gpxtrkx:MaxSpeed>
<gpxtrkx:MovingSpeed>1.480471881267606</gpxtrkx:MovingSpeed>
</gpxtrkx:TrackStatsExtension>
</extensions>
<trkseg>
<trkpt lat="42.934516" lon="1.849596">
<ele>560.4</ele>
<time>2026-09-17T18:32:41.237+02:00</time>
<extensions>
<gpxtpx:TrackPointExtension>
<gpxtpx:speed>1.5</gpxtpx:speed>
</gpxtpx:TrackPointExtension>
<opentracks:accuracy_horizontal>2.9</opentracks:accuracy_horizontal></extensions>
</trkpt>
<trkpt lat="42.93448" lon="1.849586">
<ele>557.5</ele>
<time>2026-09-17T18:32:51.063+02:00</time>
<extensions>
<gpxtpx:TrackPointExtension>
<gpxtpx:speed>1.24</gpxtpx:speed>
</gpxtpx:TrackPointExtension>
<opentracks:accuracy_horizontal>2.5</opentracks:accuracy_horizontal></extensions>
</trkpt>
<trkpt lat="42.934435" lon="1.849478">
<ele>550.3</ele>
<time>2026-09-17T18:33:00.055+02:00</time>
<extensions>
<gpxtpx:TrackPointExtension>
<gpxtpx:speed>0.75</gpxtpx:speed>
</gpxtpx:TrackPointExtension>
<opentracks:accuracy_horizontal>2.2</opentracks:accuracy_horizontal></extensions>
</trkpt>
<trkpt lat="42.934358" lon="1.849413">
<ele>551.6</ele>
<time>2026-09-17T18:33:06.077+02:00</time>
<extensions>
<gpxtpx:TrackPointExtension>
<gpxtpx:speed>0.82</gpxtpx:speed>
</gpxtpx:TrackPointExtension>
<opentracks:accuracy_horizontal>2.1</opentracks:accuracy_horizontal></extensions>
</trkpt>
<trkpt lat="42.934274" lon="1.849363">
<ele>555.7</ele>
<time>2026-09-17T18:33:13.051+02:00</time>
<extensions>
<gpxtpx:TrackPointExtension>
<gpxtpx:speed>0.86</gpxtpx:speed>
</gpxtpx:TrackPointExtension>
<opentracks:accuracy_horizontal>2</opentracks:accuracy_horizontal></extensions>
</trkpt>
<trkpt lat="42.934193" lon="1.849309">
<ele>559.6</ele>
<time>2026-09-17T18:33:18.06+02:00</time>
<extensions>
<gpxtpx:TrackPointExtension>
<gpxtpx:speed>0.92</gpxtpx:speed>
</gpxtpx:TrackPointExtension>
<opentracks:accuracy_horizontal>2</opentracks:accuracy_horizontal></extensions>
</trkpt>
<trkpt lat="42.934106" lon="1.84923">
<ele>560.7</ele>
<time>2026-09-17T18:33:23.056+02:00</time>
<extensions>
<gpxtpx:TrackPointExtension>
<gpxtpx:speed>1.18</gpxtpx:speed>
</gpxtpx:TrackPointExtension>
<opentracks:accuracy_horizontal>1.9</opentracks:accuracy_horizontal></extensions>
</trkpt>
<trkpt lat="42.934026" lon="1.849143">
<ele>560.7</ele>
<time>2026-09-17T18:33:31.061+02:00</time>
<extensions>
<gpxtpx:TrackPointExtension>
<gpxtpx:speed>1.04</gpxtpx:speed>
</gpxtpx:TrackPointExtension>
<opentracks:accuracy_horizontal>1.8</opentracks:accuracy_horizontal></extensions>
</trkpt>
<trkpt lat="42.933933" lon="1.849079">
<ele>560</ele>
<time>2026-09-17T18:33:38.041+02:00</time>
<extensions>
<gpxtpx:TrackPointExtension>
<gpxtpx:speed>1.15</gpxtpx:speed>
</gpxtpx:TrackPointExtension>
<opentracks:accuracy_horizontal>1.8</opentracks:accuracy_horizontal></extensions>
</trkpt>
<trkpt lat="42.93384" lon="1.849046">
<ele>559.7</ele>
<time>2026-09-17T18:33:46.052+02:00</time>
<extensions>
<gpxtpx:TrackPointExtension>
<gpxtpx:speed>1.06</gpxtpx:speed>
</gpxtpx:TrackPointExtension>
<opentracks:accuracy_horizontal>1.7</opentracks:accuracy_horizontal></extensions>
</trkpt>
<trkpt lat="42.933756" lon="1.848978">
<ele>559.3</ele>
<time>2026-09-17T18:33:54.072+02:00</time>
<extensions>
<gpxtpx:TrackPointExtension>
<gpxtpx:speed>0.99</gpxtpx:speed>
</gpxtpx:TrackPointExtension>
<opentracks:accuracy_horizontal>1.7</opentracks:accuracy_horizontal></extensions>
</trkpt>
<trkpt lat="42.933668" lon="1.84892">
<ele>558.9</ele>
<time>2026-09-17T18:34:02.073+02:00</time>
<extensions>
<gpxtpx:TrackPointExtension>
<gpxtpx:speed>0.91</gpxtpx:speed>
</gpxtpx:TrackPointExtension>
<opentracks:accuracy_horizontal>1.7</opentracks:accuracy_horizontal></extensions>
</trkpt>
<trkpt lat="42.933569" lon="1.848876">
<ele>559.7</ele>
<time>2026-09-17T18:34:09.059+02:00</time>
<extensions>
<gpxtpx:TrackPointExtension>
<gpxtpx:speed>0.83</gpxtpx:speed>
</gpxtpx:TrackPointExtension>
<opentracks:accuracy_horizontal>1.7</opentracks:accuracy_horizontal></extensions>
</trkpt>
<trkpt lat="42.933475" lon="1.848821">
<ele>559.7</ele>
<time>2026-09-17T18:34:16.063+02:00</time>
<extensions>
<gpxtpx:TrackPointExtension>
<gpxtpx:speed>1.18</gpxtpx:speed>
</gpxtpx:TrackPointExtension>
<opentracks:accuracy_horizontal>1.6</opentracks:accuracy_horizontal></extensions>
</trkpt>
<trkpt lat="42.933396" lon="1.848748">
<ele>558.8</ele>
<time>2026-09-17T18:34:22.06+02:00</time>
<extensions>
<gpxtpx:TrackPointExtension>
<gpxtpx:speed>1.4</gpxtpx:speed>
</gpxtpx:TrackPointExtension>
<opentracks:accuracy_horizontal>1.8</opentracks:accuracy_horizontal></extensions>
</trkpt>
<trkpt lat="42.933314" lon="1.848688">
<ele>558.9</ele>
<time>2026-09-17T18:34:28.065+02:00</time>
<extensions>
<gpxtpx:TrackPointExtension>
<gpxtpx:speed>1.57</gpxtpx:speed>
</gpxtpx:TrackPointExtension>
<opentracks:accuracy_horizontal>1.9</opentracks:accuracy_horizontal></extensions>
</trkpt>
<trkpt lat="42.933216" lon="1.848631">
<ele>559.8</ele>
<time>2026-09-17T18:34:35.059+02:00</time>
<extensions>
<gpxtpx:TrackPointExtension>
<gpxtpx:speed>1.51</gpxtpx:speed>
</gpxtpx:TrackPointExtension>
<opentracks:accuracy_horizontal>1.8</opentracks:accuracy_horizontal></extensions>
</trkpt>
<trkpt lat="42.933121" lon="1.848583">
<ele>561.6</ele>
<time>2026-09-17T18:34:43.064+02:00</time>
<extensions>
<gpxtpx:TrackPointExtension>
<gpxtpx:speed>1.32</gpxtpx:speed>
</gpxtpx:TrackPointExtension>
<opentracks:accuracy_horizontal>1.7</opentracks:accuracy_horizontal></extensions>
</trkpt>
<trkpt lat="42.933021" lon="1.848551">
<ele>563.5</ele>
<time>2026-09-17T18:34:49.06+02:00</time>
<extensions>
<gpxtpx:TrackPointExtension>
<gpxtpx:speed>1.38</gpxtpx:speed>
</gpxtpx:TrackPointExtension>
<opentracks:accuracy_horizontal>1.7</opentracks:accuracy_horizontal></extensions>
</trkpt>
<trkpt lat="42.932924" lon="1.848508">
<ele>564.2</ele>
<time>2026-09-17T18:34:56.063+02:00</time>
<extensions>
<gpxtpx:TrackPointExtension>
<gpxtpx:speed>1.55</gpxtpx:speed>
</gpxtpx:TrackPointExtension>
<opentracks:accuracy_horizontal>1.6</opentracks:accuracy_horizontal></extensions>
</trkpt>
<trkpt lat="42.932836" lon="1.84846">
<ele>565.3</ele>
<time>2026-09-17T18:35:03.056+02:00</time>
<extensions>
<gpxtpx:TrackPointExtension>
<gpxtpx:speed>1.38</gpxtpx:speed>
</gpxtpx:TrackPointExtension>
<opentracks:accuracy_horizontal>1.6</opentracks:accuracy_horizontal></extensions>
</trkpt>
<trkpt lat="42.932746" lon="1.84841">
<ele>565.5</ele>
<time>2026-09-17T18:35:10.049+02:00</time>
<extensions>
<gpxtpx:TrackPointExtension>
<gpxtpx:speed>1.3</gpxtpx:speed>
</gpxtpx:TrackPointExtension>
<opentracks:accuracy_horizontal>1.6</opentracks:accuracy_horizontal></extensions>
</trkpt>
<trkpt lat="42.932646" lon="1.848361">
<ele>565.8</ele>
<time>2026-09-17T18:35:17.055+02:00</time>
<extensions>
<gpxtpx:TrackPointExtension>
<gpxtpx:speed>1.37</gpxtpx:speed>
</gpxtpx:TrackPointExtension>
<opentracks:accuracy_horizontal>1.6</opentracks:accuracy_horizontal></extensions>
</trkpt>
<trkpt lat="42.932553" lon="1.84835">
<ele>566.3</ele>
<time>2026-09-17T18:35:25.053+02:00</time>
<extensions>
<gpxtpx:TrackPointExtension>
<gpxtpx:speed>1.21</gpxtpx:speed>
</gpxtpx:TrackPointExtension>
<opentracks:accuracy_horizontal>1.7</opentracks:accuracy_horizontal></extensions>
</trkpt>
<trkpt lat="42.932491" lon="1.848469">
<ele>566.2</ele>
<time>2026-09-17T18:35:33.061+02:00</time>
<extensions>
<gpxtpx:TrackPointExtension>
<gpxtpx:speed>1.36</gpxtpx:speed>
</gpxtpx:TrackPointExtension>
<opentracks:accuracy_horizontal>1.6</opentracks:accuracy_horizontal></extensions>
</trkpt>
<trkpt lat="42.9324" lon="1.84853">
<ele>566.9</ele>
<time>2026-09-17T18:35:40.068+02:00</time>
<extensions>
<gpxtpx:TrackPointExtension>
<gpxtpx:speed>1.3</gpxtpx:speed>
</gpxtpx:TrackPointExtension>
<opentracks:accuracy_horizontal>1.5</opentracks:accuracy_horizontal></extensions>
</trkpt>
<trkpt lat="42.932313" lon="1.848568">
<ele>567.2</ele>
<time>2026-09-17T18:35:46.059+02:00</time>
<extensions>
<gpxtpx:TrackPointExtension>
<gpxtpx:speed>1.4</gpxtpx:speed>
</gpxtpx:TrackPointExtension>
<opentracks:accuracy_horizontal>1.4</opentracks:accuracy_horizontal></extensions>
</trkpt>
<trkpt lat="42.93222" lon="1.848551">
<ele>566.5</ele>
<time>2026-09-17T18:35:53.062+02:00</time>
<extensions>
<gpxtpx:TrackPointExtension>
<gpxtpx:speed>1.39</gpxtpx:speed>
</gpxtpx:TrackPointExtension>
<opentracks:accuracy_horizontal>1.5</opentracks:accuracy_horizontal></extensions>
</trkpt>
<trkpt lat="42.93213" lon="1.848538">
<ele>566.8</ele>
<time>2026-09-17T18:35:59.061+02:00</time>
<extensions>
<gpxtpx:TrackPointExtension>
<gpxtpx:speed>1.43</gpxtpx:speed>
</gpxtpx:TrackPointExtension>
<opentracks:accuracy_horizontal>1.5</opentracks:accuracy_horizontal></extensions>
</trkpt>
<trkpt lat="42.932038" lon="1.848496">
<ele>568.9</ele>
<time>2026-09-17T18:36:06.038+02:00</time>
<extensions>
<gpxtpx:TrackPointExtension>
<gpxtpx:speed>1.35</gpxtpx:speed>
</gpxtpx:TrackPointExtension>
<opentracks:accuracy_horizontal>1.4</opentracks:accuracy_horizontal></extensions>
</trkpt>
<trkpt lat="42.931948" lon="1.848436">
<ele>569.3</ele>
<time>2026-09-17T18:36:13.044+02:00</time>
<extensions>
<gpxtpx:TrackPointExtension>
<gpxtpx:speed>1.36</gpxtpx:speed>
</gpxtpx:TrackPointExtension>
<opentracks:accuracy_horizontal>1.3</opentracks:accuracy_horizontal></extensions>
</trkpt>
<trkpt lat="42.931855" lon="1.848378">
<ele>569.1</ele>
<time>2026-09-17T18:36:20.043+02:00</time>
<extensions>
<gpxtpx:TrackPointExtension>
<gpxtpx:speed>1.44</gpxtpx:speed>
</gpxtpx:TrackPointExtension>
<opentracks:accuracy_horizontal>1.4</opentracks:accuracy_horizontal></extensions>
</trkpt>
<trkpt lat="42.931766" lon="1.848353">
<ele>568.4</ele>
<time>2026-09-17T18:36:28.051+02:00</time>
<extensions>
<gpxtpx:TrackPointExtension>
<gpxtpx:speed>1.14</gpxtpx:speed>
</gpxtpx:TrackPointExtension>
<opentracks:accuracy_horizontal>1.6</opentracks:accuracy_horizontal></extensions>
</trkpt>
<trkpt lat="42.931676" lon="1.848336">
<ele>567.9</ele>
<time>2026-09-17T18:36:35.048+02:00</time>
<extensions>
<gpxtpx:TrackPointExtension>
<gpxtpx:speed>0.98</gpxtpx:speed>
</gpxtpx:TrackPointExtension>
<opentracks:accuracy_horizontal>1.8</opentracks:accuracy_horizontal></extensions>
</trkpt>
<trkpt lat="42.931571" lon="1.84833">
<ele>567.5</ele>
<time>2026-09-17T18:36:43.052+02:00</time>
<extensions>
<gpxtpx:TrackPointExtension>
<gpxtpx:speed>1.34</gpxtpx:speed>
</gpxtpx:TrackPointExtension>
<opentracks:accuracy_horizontal>1.6</opentracks:accuracy_horizontal></extensions>
</trkpt>
<trkpt lat="42.931471" lon="1.848323">
<ele>568</ele>
<time>2026-09-17T18:36:51.045+02:00</time>
<extensions>
<gpxtpx:TrackPointExtension>
<gpxtpx:speed>1.3</gpxtpx:speed>
</gpxtpx:TrackPointExtension>
<opentracks:accuracy_horizontal>1.5</opentracks:accuracy_horizontal></extensions>
</trkpt>
<trkpt lat="42.931385" lon="1.848248">
<ele>567.1</ele>
<time>2026-09-17T18:36:59.046+02:00</time>
<extensions>
<gpxtpx:TrackPointExtension>
<gpxtpx:speed>1.33</gpxtpx:speed>
</gpxtpx:TrackPointExtension>
<opentracks:accuracy_horizontal>1.5</opentracks:accuracy_horizontal></extensions>
</trkpt>
<trkpt lat="42.931286" lon="1.84822">
<ele>569.4</ele>
<time>2026-09-17T18:37:06.039+02:00</time>
<extensions>
<gpxtpx:TrackPointExtension>
<gpxtpx:speed>1.24</gpxtpx:speed>
</gpxtpx:TrackPointExtension>
<opentracks:accuracy_horizontal>1.4</opentracks:accuracy_horizontal></extensions>
</trkpt>
<trkpt lat="42.931185" lon="1.84822">
<ele>571.7</ele>
<time>2026-09-17T18:37:14.039+02:00</time>
<extensions>
<gpxtpx:TrackPointExtension>
<gpxtpx:speed>1.36</gpxtpx:speed>
</gpxtpx:TrackPointExtension>
<opentracks:accuracy_horizontal>1.4</opentracks:accuracy_horizontal></extensions>
</trkpt>
<trkpt lat="42.931085" lon="1.848236">
<ele>573.4</ele>
<time>2026-09-17T18:37:21.058+02:00</time>
<extensions>
<gpxtpx:TrackPointExtension>
<gpxtpx:speed>1.38</gpxtpx:speed>
</gpxtpx:TrackPointExtension>
<opentracks:accuracy_horizontal>1.5</opentracks:accuracy_horizontal></extensions>
</trkpt>
<trkpt lat="42.930991" lon="1.848241">
<ele>575</ele>
<time>2026-09-17T18:37:29.034+02:00</time>
<extensions>
<gpxtpx:TrackPointExtension>
<gpxtpx:speed>1.19</gpxtpx:speed>
</gpxtpx:TrackPointExtension>
<opentracks:accuracy_horizontal>1.6</opentracks:accuracy_horizontal></extensions>
</trkpt>
<trkpt lat="42.930901" lon="1.848268">
<ele>575.6</ele>
<time>2026-09-17T18:37:36.054+02:00</time>
<extensions>
<gpxtpx:TrackPointExtension>
<gpxtpx:speed>1.24</gpxtpx:speed>
</gpxtpx:TrackPointExtension>
<opentracks:accuracy_horizontal>1.6</opentracks:accuracy_horizontal></extensions>
</trkpt>
<trkpt lat="42.930803" lon="1.848261">
<ele>575.5</ele>
<time>2026-09-17T18:37:45.056+02:00</time>
<extensions>
<gpxtpx:TrackPointExtension>
<gpxtpx:speed>1.11</gpxtpx:speed>
</gpxtpx:TrackPointExtension>
<opentracks:accuracy_horizontal>1.7</opentracks:accuracy_horizontal></extensions>
</trkpt>
<trkpt lat="42.930706" lon="1.848236">
<ele>576.2</ele>
<time>2026-09-17T18:37:51.045+02:00</time>
<extensions>
<gpxtpx:TrackPointExtension>
<gpxtpx:speed>1.16</gpxtpx:speed>
</gpxtpx:TrackPointExtension>
<opentracks:accuracy_horizontal>1.6</opentracks:accuracy_horizontal></extensions>
</trkpt>
<trkpt lat="42.930613" lon="1.848228">
<ele>577</ele>
<time>2026-09-17T18:37:58.06+02:00</time>
<extensions>
<gpxtpx:TrackPointExtension>
<gpxtpx:speed>1.52</gpxtpx:speed>
</gpxtpx:TrackPointExtension>
<opentracks:accuracy_horizontal>1.6</opentracks:accuracy_horizontal></extensions>
</trkpt>
<trkpt lat="42.930518" lon="1.848241">
<ele>575.9</ele>
<time>2026-09-17T18:38:05.051+02:00</time>
<extensions>
<gpxtpx:TrackPointExtension>
<gpxtpx:speed>1.42</gpxtpx:speed>
</gpxtpx:TrackPointExtension>
<opentracks:accuracy_horizontal>1.5</opentracks:accuracy_horizontal></extensions>
</trkpt>
<trkpt lat="42.930418" lon="1.848223">
<ele>574</ele>
<time>2026-09-17T18:38:14.053+02:00</time>
<extensions>
<gpxtpx:TrackPointExtension>
<gpxtpx:speed>1.14</gpxtpx:speed>
</gpxtpx:TrackPointExtension>
<opentracks:accuracy_horizontal>1.6</opentracks:accuracy_horizontal></extensions>
</trkpt>
<trkpt lat="42.93033" lon="1.848188">
<ele>573.6</ele>
<time>2026-09-17T18:38:20.052+02:00</time>
<extensions>
<gpxtpx:TrackPointExtension>
<gpxtpx:speed>1.17</gpxtpx:speed>
</gpxtpx:TrackPointExtension>
<opentracks:accuracy_horizontal>1.6</opentracks:accuracy_horizontal></extensions>
</trkpt>
<trkpt lat="42.93024" lon="1.848193">
<ele>573.3</ele>
<time>2026-09-17T18:38:27.061+02:00</time>
<extensions>
<gpxtpx:TrackPointExtension>
<gpxtpx:speed>1.34</gpxtpx:speed>
</gpxtpx:TrackPointExtension>
<opentracks:accuracy_horizontal>1.4</opentracks:accuracy_horizontal></extensions>
</trkpt>
<trkpt lat="42.930148" lon="1.848181">
<ele>572.6</ele>
<time>2026-09-17T18:38:34.03+02:00</time>
<extensions>
<gpxtpx:TrackPointExtension>
<gpxtpx:speed>1.47</gpxtpx:speed>
</gpxtpx:TrackPointExtension>
<opentracks:accuracy_horizontal>1.8</opentracks:accuracy_horizontal></extensions>
</trkpt>
<trkpt lat="42.930046" lon="1.84822">
<ele>569.8</ele>
<time>2026-09-17T18:38:43.043+02:00</time>
<extensions>
<gpxtpx:TrackPointExtension>
<gpxtpx:speed>1.01</gpxtpx:speed>
</gpxtpx:TrackPointExtension>
<opentracks:accuracy_horizontal>1.7</opentracks:accuracy_horizontal></extensions>
</trkpt>
<trkpt lat="42.92994" lon="1.84823">
<ele>569.6</ele>
<time>2026-09-17T18:38:49.069+02:00</time>
<extensions>
<gpxtpx:TrackPointExtension>
<gpxtpx:speed>1.23</gpxtpx:speed>
</gpxtpx:TrackPointExtension>
<opentracks:accuracy_horizontal>1.7</opentracks:accuracy_horizontal></extensions>
</trkpt>
<trkpt lat="42.92984" lon="1.848226">
<ele>571.7</ele>
<time>2026-09-17T18:38:56.05+02:00</time>
<extensions>
<gpxtpx:TrackPointExtension>
<gpxtpx:speed>1.46</gpxtpx:speed>
</gpxtpx:TrackPointExtension>
<opentracks:accuracy_horizontal>1.8</opentracks:accuracy_horizontal></extensions>
</trkpt>
<trkpt lat="42.92975" lon="1.848245">
<ele>573.9</ele>
<time>2026-09-17T18:39:01.065+02:00</time>
<extensions>
<gpxtpx:TrackPointExtension>
<gpxtpx:speed>1.48</gpxtpx:speed>
</gpxtpx:TrackPointExtension>
<opentracks:accuracy_horizontal>1.9</opentracks:accuracy_horizontal></extensions>
</trkpt>
<trkpt lat="42.929661" lon="1.848294">
<ele>575.7</ele>
<time>2026-09-17T18:39:10.061+02:00</time>
<extensions>
<gpxtpx:TrackPointExtension>
<gpxtpx:speed>0.58</gpxtpx:speed>
</gpxtpx:TrackPointExtension>
<opentracks:accuracy_horizontal>1.9</opentracks:accuracy_horizontal></extensions>
</trkpt>
<trkpt lat="42.92958" lon="1.848243">
<ele>574.3</ele>
<time>2026-09-17T18:39:18.058+02:00</time>
<extensions>
<gpxtpx:TrackPointExtension>
<gpxtpx:speed>0.33</gpxtpx:speed>
</gpxtpx:TrackPointExtension>
<opentracks:accuracy_horizontal>1.9</opentracks:accuracy_horizontal></extensions>
</trkpt>
<trkpt lat="42.929485" lon="1.848194">
<ele>573.7</ele>
<time>2026-09-17T18:39:28.061+02:00</time>
<extensions>
<gpxtpx:TrackPointExtension>
<gpxtpx:speed>0.31</gpxtpx:speed>
</gpxtpx:TrackPointExtension>
<opentracks:accuracy_horizontal>1.8</opentracks:accuracy_horizontal></extensions>
</trkpt>
<trkpt lat="42.929393" lon="1.84818">
<ele>573.4</ele>
<time>2026-09-17T18:39:34.061+02:00</time>
<extensions>
<gpxtpx:TrackPointExtension>
<gpxtpx:speed>0.57</gpxtpx:speed>
</gpxtpx:TrackPointExtension>
<opentracks:accuracy_horizontal>1.9</opentracks:accuracy_horizontal></extensions>
</trkpt>
<trkpt lat="42.92931" lon="1.848123">
<ele>572</ele>
<time>2026-09-17T18:39:43.069+02:00</time>
<extensions>
<gpxtpx:TrackPointExtension>
<gpxtpx:speed>0.34</gpxtpx:speed>
</gpxtpx:TrackPointExtension>
<opentracks:accuracy_horizontal>1.9</opentracks:accuracy_horizontal></extensions>
</trkpt>
<trkpt lat="42.929223" lon="1.848081">
<ele>571.4</ele>
<time>2026-09-17T18:39:49.064+02:00</time>
<extensions>
<gpxtpx:TrackPointExtension>
<gpxtpx:speed>0.2</gpxtpx:speed>
</gpxtpx:TrackPointExtension>
<opentracks:accuracy_horizontal>1.8</opentracks:accuracy_horizontal></extensions>
</trkpt>
<trkpt lat="42.929125" lon="1.848035">
<ele>571.2</ele>
<time>2026-09-17T18:39:56.06+02:00</time>
<extensions>
<gpxtpx:TrackPointExtension>
<gpxtpx:speed>0.3</gpxtpx:speed>
</gpxtpx:TrackPointExtension>
<opentracks:accuracy_horizontal>1.8</opentracks:accuracy_horizontal></extensions>
</trkpt>
<trkpt lat="42.929038" lon="1.84798">
<ele>570.1</ele>
<time>2026-09-17T18:40:05.062+02:00</time>
<extensions>
<gpxtpx:TrackPointExtension>
<gpxtpx:speed>0.45</gpxtpx:speed>
</gpxtpx:TrackPointExtension>
<opentracks:accuracy_horizontal>1.9</opentracks:accuracy_horizontal></extensions>
</trkpt>
<trkpt lat="42.928961" lon="1.847909">
<ele>569.6</ele>
<time>2026-09-17T18:40:10.051+02:00</time>
<extensions>
<gpxtpx:TrackPointExtension>
<gpxtpx:speed>0.71</gpxtpx:speed>
</gpxtpx:TrackPointExtension>
<opentracks:accuracy_horizontal>2</opentracks:accuracy_horizontal></extensions>
</trkpt>
<trkpt lat="42.928864" lon="1.847873">
<ele>570</ele>
<time>2026-09-17T18:40:16.057+02:00</time>
<extensions>
<gpxtpx:TrackPointExtension>
<gpxtpx:speed>0.55</gpxtpx:speed>
</gpxtpx:TrackPointExtension>
<opentracks:accuracy_horizontal>1.9</opentracks:accuracy_horizontal></extensions>
</trkpt>
<trkpt lat="42.92878" lon="1.847818">
<ele>570.2</ele>
<time>2026-09-17T18:40:25.065+02:00</time>
<extensions>
<gpxtpx:TrackPointExtension>
<gpxtpx:speed>0.22</gpxtpx:speed>
</gpxtpx:TrackPointExtension>
<opentracks:accuracy_horizontal>2</opentracks:accuracy_horizontal></extensions>
</trkpt>
<trkpt lat="42.928683" lon="1.847795">
<ele>570.1</ele>
<time>2026-09-17T18:40:33.053+02:00</time>
<extensions>
<gpxtpx:TrackPointExtension>
<gpxtpx:speed>0.17</gpxtpx:speed>
</gpxtpx:TrackPointExtension>
<opentracks:accuracy_horizontal>1.9</opentracks:accuracy_horizontal></extensions>
</trkpt>
<trkpt lat="42.928583" lon="1.847745">
<ele>569.7</ele>
<time>2026-09-17T18:40:42.065+02:00</time>
<extensions>
<gpxtpx:TrackPointExtension>
<gpxtpx:speed>0.31</gpxtpx:speed>
</gpxtpx:TrackPointExtension>
<opentracks:accuracy_horizontal>1.9</opentracks:accuracy_horizontal></extensions>
</trkpt>
<trkpt lat="42.928495" lon="1.847675">
<ele>570.2</ele>
<time>2026-09-17T18:40:50.058+02:00</time>
<extensions>
<gpxtpx:TrackPointExtension>
<gpxtpx:speed>0.28</gpxtpx:speed>
</gpxtpx:TrackPointExtension>
<opentracks:accuracy_horizontal>2</opentracks:accuracy_horizontal></extensions>
</trkpt>
<trkpt lat="42.928401" lon="1.847614">
<ele>570.7</ele>
<time>2026-09-17T18:40:58.054+02:00</time>
<extensions>
<gpxtpx:TrackPointExtension>
<gpxtpx:speed>0.63</gpxtpx:speed>
</gpxtpx:TrackPointExtension>
<opentracks:accuracy_horizontal>2.1</opentracks:accuracy_horizontal></extensions>
</trkpt>
<trkpt lat="42.92832" lon="1.847543">
<ele>571.2</ele>
<time>2026-09-17T18:41:05.057+02:00</time>
<extensions>
<gpxtpx:TrackPointExtension>
<gpxtpx:speed>0.68</gpxtpx:speed>
</gpxtpx:TrackPointExtension>
<opentracks:accuracy_horizontal>2.1</opentracks:accuracy_horizontal></extensions>
</trkpt>
<trkpt lat="42.92824" lon="1.847473">
<ele>571.1</ele>
<time>2026-09-17T18:41:11.064+02:00</time>
<extensions>
<gpxtpx:TrackPointExtension>
<gpxtpx:speed>0.82</gpxtpx:speed>
</gpxtpx:TrackPointExtension>
<opentracks:accuracy_horizontal>2.1</opentracks:accuracy_horizontal></extensions>
</trkpt>
<trkpt lat="42.928151" lon="1.847439">
<ele>571</ele>
<time>2026-09-17T18:41:18.062+02:00</time>
<extensions>
<gpxtpx:TrackPointExtension>
<gpxtpx:speed>0.81</gpxtpx:speed>
</gpxtpx:TrackPointExtension>
<opentracks:accuracy_horizontal>2.1</opentracks:accuracy_horizontal></extensions>
</trkpt>
<trkpt lat="42.928056" lon="1.847401">
<ele>571.2</ele>
<time>2026-09-17T18:41:28.07+02:00</time>
<extensions>
<gpxtpx:TrackPointExtension>
<gpxtpx:speed>0</gpxtpx:speed>
</gpxtpx:TrackPointExtension>
<opentracks:accuracy_horizontal>2.1</opentracks:accuracy_horizontal></extensions>
</trkpt>
<trkpt lat="42.927971" lon="1.847341">
<ele>572.6</ele>
<time>2026-09-17T18:41:34.041+02:00</time>
<extensions>
<gpxtpx:TrackPointExtension>
<gpxtpx:speed>0</gpxtpx:speed>
</gpxtpx:TrackPointExtension>
<opentracks:accuracy_horizontal>2.1</opentracks:accuracy_horizontal></extensions>
</trkpt>
<trkpt lat="42.927885" lon="1.847284">
<ele>574.1</ele>
<time>2026-09-17T18:41:44.048+02:00</time>
<extensions>
<gpxtpx:TrackPointExtension>
<gpxtpx:speed>0</gpxtpx:speed>
</gpxtpx:TrackPointExtension>
<opentracks:accuracy_horizontal>2.1</opentracks:accuracy_horizontal></extensions>
</trkpt>
<trkpt lat="42.927803" lon="1.847226">
<ele>575.9</ele>
<time>2026-09-17T18:41:54.049+02:00</time>
<extensions>
<gpxtpx:TrackPointExtension>
<gpxtpx:speed>0</gpxtpx:speed>
</gpxtpx:TrackPointExtension>
<opentracks:accuracy_horizontal>2.1</opentracks:accuracy_horizontal></extensions>
</trkpt>
<trkpt lat="42.927721" lon="1.847148">
<ele>580.3</ele>
<time>2026-09-17T18:42:02.055+02:00</time>
<extensions>
<gpxtpx:TrackPointExtension>
<gpxtpx:speed>0.28</gpxtpx:speed>
</gpxtpx:TrackPointExtension>
<opentracks:accuracy_horizontal>2</opentracks:accuracy_horizontal></extensions>
</trkpt>
<trkpt lat="42.927666" lon="1.847046">
<ele>583.2</ele>
<time>2026-09-17T18:42:08.047+02:00</time>
<extensions>
<gpxtpx:TrackPointExtension>
<gpxtpx:speed>0.5</gpxtpx:speed>
</gpxtpx:TrackPointExtension>
<opentracks:accuracy_horizontal>1.9</opentracks:accuracy_horizontal></extensions>
</trkpt>
<trkpt lat="42.927634" lon="1.846928">
<ele>584.8</ele>
<time>2026-09-17T18:42:17.057+02:00</time>
<extensions>
<gpxtpx:TrackPointExtension>
<gpxtpx:speed>0.73</gpxtpx:speed>
</gpxtpx:TrackPointExtension>
<opentracks:accuracy_horizontal>1.8</opentracks:accuracy_horizontal></extensions>
</trkpt>
<trkpt lat="42.9276" lon="1.846808">
<ele>585.8</ele>
<time>2026-09-17T18:42:24.066+02:00</time>
<extensions>
<gpxtpx:TrackPointExtension>
<gpxtpx:speed>0.81</gpxtpx:speed>
</gpxtpx:TrackPointExtension>
<opentracks:accuracy_horizontal>1.8</opentracks:accuracy_horizontal></extensions>
</trkpt>
<trkpt lat="42.927538" lon="1.846718">
<ele>586.8</ele>
<time>2026-09-17T18:42:30.054+02:00</time>
<extensions>
<gpxtpx:TrackPointExtension>
<gpxtpx:speed>0.85</gpxtpx:speed>
</gpxtpx:TrackPointExtension>
<opentracks:accuracy_horizontal>1.7</opentracks:accuracy_horizontal></extensions>
</trkpt>
<trkpt lat="42.927453" lon="1.846699">
<ele>586.2</ele>
<time>2026-09-17T18:42:40.059+02:00</time>
<extensions>
<gpxtpx:TrackPointExtension>
<gpxtpx:speed>0.76</gpxtpx:speed>
</gpxtpx:TrackPointExtension>
<opentracks:accuracy_horizontal>1.8</opentracks:accuracy_horizontal></extensions>
</trkpt>
<trkpt lat="42.927356" lon="1.846663">
<ele>584.1</ele>
<time>2026-09-17T18:42:50.061+02:00</time>
<extensions>
<gpxtpx:TrackPointExtension>
<gpxtpx:speed>0.65</gpxtpx:speed>
</gpxtpx:TrackPointExtension>
<opentracks:accuracy_horizontal>1.9</opentracks:accuracy_horizontal></extensions>
</trkpt>
<trkpt lat="42.92727" lon="1.846616">
<ele>582.9</ele>
<time>2026-09-17T18:42:56.053+02:00</time>
<extensions>
<gpxtpx:TrackPointExtension>
<gpxtpx:speed>0.93</gpxtpx:speed>
</gpxtpx:TrackPointExtension>
<opentracks:accuracy_horizontal>1.9</opentracks:accuracy_horizontal></extensions>
</trkpt>
<trkpt lat="42.927175" lon="1.846611">
<ele>581.4</ele>
<time>2026-09-17T18:43:04.066+02:00</time>
<extensions>
<gpxtpx:TrackPointExtension>
<gpxtpx:speed>1.11</gpxtpx:speed>
</gpxtpx:TrackPointExtension>
<opentracks:accuracy_horizontal>1.9</opentracks:accuracy_horizontal></extensions>
</trkpt>
<trkpt lat="42.927081" lon="1.846623">
<ele>579.6</ele>
<time>2026-09-17T18:43:12.051+02:00</time>
<extensions>
<gpxtpx:TrackPointExtension>
<gpxtpx:speed>1.04</gpxtpx:speed>
</gpxtpx:TrackPointExtension>
<opentracks:accuracy_horizontal>1.9</opentracks:accuracy_horizontal></extensions>
</trkpt>
<trkpt lat="42.926984" lon="1.846665">
<ele>578.7</ele>
<time>2026-09-17T18:43:22.055+02:00</time>
<extensions>
<gpxtpx:TrackPointExtension>
<gpxtpx:speed>0.68</gpxtpx:speed>
</gpxtpx:TrackPointExtension>
<opentracks:accuracy_horizontal>2</opentracks:accuracy_horizontal></extensions>
</trkpt>
<trkpt lat="42.926914" lon="1.846726">
<ele>579.4</ele>
<time>2026-09-17T18:43:32.058+02:00</time>
<extensions>
<gpxtpx:TrackPointExtension>
<gpxtpx:speed>0.23</gpxtpx:speed>
</gpxtpx:TrackPointExtension>
<opentracks:accuracy_horizontal>2</opentracks:accuracy_horizontal></extensions>
</trkpt>
<trkpt lat="42.926828" lon="1.846785">
<ele>580.5</ele>
<time>2026-09-17T18:43:43.055+02:00</time>
<extensions>
<gpxtpx:TrackPointExtension>
<gpxtpx:speed>0</gpxtpx:speed>
</gpxtpx:TrackPointExtension>
<opentracks:accuracy_horizontal>1.9</opentracks:accuracy_horizontal></extensions>
</trkpt>
<trkpt lat="42.926733" lon="1.846808">
<ele>581.4</ele>
<time>2026-09-17T18:43:53.058+02:00</time>
<extensions>
<gpxtpx:TrackPointExtension>
<gpxtpx:speed>0.23</gpxtpx:speed>
</gpxtpx:TrackPointExtension>
<opentracks:accuracy_horizontal>1.9</opentracks:accuracy_horizontal></extensions>
</trkpt>
<trkpt lat="42.926643" lon="1.846843">
<ele>582.1</ele>
<time>2026-09-17T18:44:02.025+02:00</time>
<extensions>
<gpxtpx:TrackPointExtension>
<gpxtpx:speed>0.51</gpxtpx:speed>
</gpxtpx:TrackPointExtension>
<opentracks:accuracy_horizontal>2</opentracks:accuracy_horizontal></extensions>
</trkpt>
<trkpt lat="42.926546" lon="1.84686">
<ele>582.9</ele>
<time>2026-09-17T18:44:11.045+02:00</time>
<extensions>
<gpxtpx:TrackPointExtension>
<gpxtpx:speed>0.43</gpxtpx:speed>
</gpxtpx:TrackPointExtension>
<opentracks:accuracy_horizontal>1.9</opentracks:accuracy_horizontal></extensions>
</trkpt>
<trkpt lat="42.926455" lon="1.846878">
<ele>583.3</ele>
<time>2026-09-17T18:44:18.051+02:00</time>
<extensions>
<gpxtpx:TrackPointExtension>
<gpxtpx:speed>0.8</gpxtpx:speed>
</gpxtpx:TrackPointExtension>
<opentracks:accuracy_horizontal>1.8</opentracks:accuracy_horizontal></extensions>
</trkpt>
<trkpt lat="42.926361" lon="1.846891">
<ele>583.7</ele>
<time>2026-09-17T18:44:27.061+02:00</time>
<extensions>
<gpxtpx:TrackPointExtension>
<gpxtpx:speed>0.75</gpxtpx:speed>
</gpxtpx:TrackPointExtension>
<opentracks:accuracy_horizontal>2</opentracks:accuracy_horizontal></extensions>
</trkpt>
<trkpt lat="42.926268" lon="1.846958">
<ele>583.7</ele>
<time>2026-09-17T18:44:36.061+02:00</time>
<extensions>
<gpxtpx:TrackPointExtension>
<gpxtpx:speed>0.77</gpxtpx:speed>
</gpxtpx:TrackPointExtension>
<opentracks:accuracy_horizontal>2.1</opentracks:accuracy_horizontal></extensions>
</trkpt>
<trkpt lat="42.926163" lon="1.846978">
<ele>585</ele>
<time>2026-09-17T18:44:46.057+02:00</time>
<extensions>
<gpxtpx:TrackPointExtension>
<gpxtpx:speed>0.27</gpxtpx:speed>
</gpxtpx:TrackPointExtension>
<opentracks:accuracy_horizontal>2</opentracks:accuracy_horizontal></extensions>
</trkpt>
<trkpt lat="42.926065" lon="1.847001">
<ele>585.1</ele>
<time>2026-09-17T18:44:56.06+02:00</time>
<extensions>
<gpxtpx:TrackPointExtension>
<gpxtpx:speed>0.52</gpxtpx:speed>
</gpxtpx:TrackPointExtension>
<opentracks:accuracy_horizontal>2</opentracks:accuracy_horizontal></extensions>
</trkpt>
<trkpt lat="42.925971" lon="1.846955">
<ele>585</ele>
<time>2026-09-17T18:45:01.048+02:00</time>
<extensions>
<gpxtpx:TrackPointExtension>
<gpxtpx:speed>0.73</gpxtpx:speed>
</gpxtpx:TrackPointExtension>
<opentracks:accuracy_horizontal>1.9</opentracks:accuracy_horizontal></extensions>
</trkpt>
<trkpt lat="42.92587" lon="1.846918">
<ele>584.8</ele>
<time>2026-09-17T18:45:07.037+02:00</time>
<extensions>
<gpxtpx:TrackPointExtension>
<gpxtpx:speed>0.97</gpxtpx:speed>
</gpxtpx:TrackPointExtension>
<opentracks:accuracy_horizontal>2</opentracks:accuracy_horizontal></extensions>
</trkpt>
<trkpt lat="42.925778" lon="1.846903">
<ele>584.1</ele>
<time>2026-09-17T18:45:16.056+02:00</time>
<extensions>
<gpxtpx:TrackPointExtension>
<gpxtpx:speed>0.83</gpxtpx:speed>
</gpxtpx:TrackPointExtension>
<opentracks:accuracy_horizontal>2</opentracks:accuracy_horizontal></extensions>
</trkpt>
<trkpt lat="42.925681" lon="1.846883">
<ele>584</ele>
<time>2026-09-17T18:45:22.06+02:00</time>
<extensions>
<gpxtpx:TrackPointExtension>
<gpxtpx:speed>0.74</gpxtpx:speed>
</gpxtpx:TrackPointExtension>
<opentracks:accuracy_horizontal>2</opentracks:accuracy_horizontal></extensions>
</trkpt>
<trkpt lat="42.925596" lon="1.846828">
<ele>583.6</ele>
<time>2026-09-17T18:45:28.06+02:00</time>
<extensions>
<gpxtpx:TrackPointExtension>
<gpxtpx:speed>0.86</gpxtpx:speed>
</gpxtpx:TrackPointExtension>
<opentracks:accuracy_horizontal>2</opentracks:accuracy_horizontal></extensions>
</trkpt>
<trkpt lat="42.925508" lon="1.846771">
<ele>583.5</ele>
<time>2026-09-17T18:45:38.056+02:00</time>
<extensions>
<gpxtpx:TrackPointExtension>
<gpxtpx:speed>0.45</gpxtpx:speed>
</gpxtpx:TrackPointExtension>
<opentracks:accuracy_horizontal>2.1</opentracks:accuracy_horizontal></extensions>
</trkpt>
<trkpt lat="42.925435" lon="1.846758">
<ele>584.4</ele>
<time>2026-09-17T18:45:48.062+02:00</time>
<extensions>
<gpxtpx:TrackPointExtension>
<gpxtpx:speed>0.12</gpxtpx:speed>
</gpxtpx:TrackPointExtension>
<opentracks:accuracy_horizontal>2</opentracks:accuracy_horizontal></extensions>
</trkpt>
<trkpt lat="42.925343" lon="1.846746">
<ele>585.1</ele>
<time>2026-09-17T18:45:55.049+02:00</time>
<extensions>
<gpxtpx:TrackPointExtension>
<gpxtpx:speed>0.29</gpxtpx:speed>
</gpxtpx:TrackPointExtension>
<opentracks:accuracy_horizontal>1.9</opentracks:accuracy_horizontal></extensions>
</trkpt>
<trkpt lat="42.925246" lon="1.846723">
<ele>585.3</ele>
<time>2026-09-17T18:46:02.06+02:00</time>
<extensions>
<gpxtpx:TrackPointExtension>
<gpxtpx:speed>0.64</gpxtpx:speed>
</gpxtpx:TrackPointExtension>
<opentracks:accuracy_horizontal>2</opentracks:accuracy_horizontal></extensions>
</trkpt>
<trkpt lat="42.925153" lon="1.846685">
<ele>585.2</ele>
<time>2026-09-17T18:46:09.06+02:00</time>
<extensions>
<gpxtpx:TrackPointExtension>
<gpxtpx:speed>0.75</gpxtpx:speed>
</gpxtpx:TrackPointExtension>
<opentracks:accuracy_horizontal>1.9</opentracks:accuracy_horizontal></extensions>
</trkpt>
<trkpt lat="42.925058" lon="1.84666">
<ele>584.8</ele>
<time>2026-09-17T18:46:16.06+02:00</time>
<extensions>
<gpxtpx:TrackPointExtension>
<gpxtpx:speed>1.08</gpxtpx:speed>
</gpxtpx:TrackPointExtension>
<opentracks:accuracy_horizontal>2.1</opentracks:accuracy_horizontal></extensions>
</trkpt>
<trkpt lat="42.924968" lon="1.846673">
<ele>584.7</ele>
<time>2026-09-17T18:46:26.062+02:00</time>
<extensions>
<gpxtpx:TrackPointExtension>
<gpxtpx:speed>0.39</gpxtpx:speed>
</gpxtpx:TrackPointExtension>
<opentracks:accuracy_horizontal>2</opentracks:accuracy_horizontal></extensions>
</trkpt>
<trkpt lat="42.924878" lon="1.84665">
<ele>584.6</ele>
<time>2026-09-17T18:46:35.057+02:00</time>
<extensions>
<gpxtpx:TrackPointExtension>
<gpxtpx:speed>0.43</gpxtpx:speed>
</gpxtpx:TrackPointExtension>
<opentracks:accuracy_horizontal>2</opentracks:accuracy_horizontal></extensions>
</trkpt>
<trkpt lat="42.924779" lon="1.846615">
<ele>584.2</ele>
<time>2026-09-17T18:46:42.042+02:00</time>
<extensions>
<gpxtpx:TrackPointExtension>
<gpxtpx:speed>0.69</gpxtpx:speed>
</gpxtpx:TrackPointExtension>
<opentracks:accuracy_horizontal>2</opentracks:accuracy_horizontal></extensions>
</trkpt>
<trkpt lat="42.924681" lon="1.846603">
<ele>583.3</ele>
<time>2026-09-17T18:46:50.065+02:00</time>
<extensions>
<gpxtpx:TrackPointExtension>
<gpxtpx:speed>0.94</gpxtpx:speed>
</gpxtpx:TrackPointExtension>
<opentracks:accuracy_horizontal>2.1</opentracks:accuracy_horizontal></extensions>
</trkpt>
<trkpt lat="42.924584" lon="1.846605">
<ele>583</ele>
<time>2026-09-17T18:46:56.053+02:00</time>
<extensions>
<gpxtpx:TrackPointExtension>
<gpxtpx:speed>0.96</gpxtpx:speed>
</gpxtpx:TrackPointExtension>
<opentracks:accuracy_horizontal>2</opentracks:accuracy_horizontal></extensions>
</trkpt>
<trkpt lat="42.924491" lon="1.846583">
<ele>582.7</ele>
<time>2026-09-17T18:47:02.051+02:00</time>
<extensions>
<gpxtpx:TrackPointExtension>
<gpxtpx:speed>0.87</gpxtpx:speed>
</gpxtpx:TrackPointExtension>
<opentracks:accuracy_horizontal>1.9</opentracks:accuracy_horizontal></extensions>
</trkpt>
<trkpt lat="42.924396" lon="1.84656">
<ele>582.1</ele>
<time>2026-09-17T18:47:10.054+02:00</time>
<extensions>
<gpxtpx:TrackPointExtension>
<gpxtpx:speed>0.74</gpxtpx:speed>
</gpxtpx:TrackPointExtension>
<opentracks:accuracy_horizontal>2.1</opentracks:accuracy_horizontal></extensions>
</trkpt>
<trkpt lat="42.924306" lon="1.846503">
<ele>581.6</ele>
<time>2026-09-17T18:47:18.05+02:00</time>
<extensions>
<gpxtpx:TrackPointExtension>
<gpxtpx:speed>0.76</gpxtpx:speed>
</gpxtpx:TrackPointExtension>
<opentracks:accuracy_horizontal>2.1</opentracks:accuracy_horizontal></extensions>
</trkpt>
<trkpt lat="42.924208" lon="1.846448">
<ele>581.6</ele>
<time>2026-09-17T18:47:26.044+02:00</time>
<extensions>
<gpxtpx:TrackPointExtension>
<gpxtpx:speed>0.7</gpxtpx:speed>
</gpxtpx:TrackPointExtension>
<opentracks:accuracy_horizontal>2.1</opentracks:accuracy_horizontal></extensions>
</trkpt>
<trkpt lat="42.924134" lon="1.846368">
<ele>581.3</ele>
<time>2026-09-17T18:47:32.04+02:00</time>
<extensions>
<gpxtpx:TrackPointExtension>
<gpxtpx:speed>0.75</gpxtpx:speed>
</gpxtpx:TrackPointExtension>
<opentracks:accuracy_horizontal>2.1</opentracks:accuracy_horizontal></extensions>
</trkpt>
<trkpt lat="42.92405" lon="1.846311">
<ele>580.7</ele>
<time>2026-09-17T18:47:40.044+02:00</time>
<extensions>
<gpxtpx:TrackPointExtension>
<gpxtpx:speed>0.73</gpxtpx:speed>
</gpxtpx:TrackPointExtension>
<opentracks:accuracy_horizontal>2</opentracks:accuracy_horizontal></extensions>
</trkpt>
<trkpt lat="42.923981" lon="1.846273">
<ele>580.1</ele>
<time>2026-09-17T18:47:49.05+02:00</time>
<extensions>
<gpxtpx:TrackPointExtension>
<gpxtpx:speed>0.32</gpxtpx:speed>
</gpxtpx:TrackPointExtension>
<opentracks:accuracy_horizontal>1.9</opentracks:accuracy_horizontal></extensions>
</trkpt>
<trkpt lat="42.923885" lon="1.846233">
<ele>580.1</ele>
<time>2026-09-17T18:47:57.047+02:00</time>
<extensions>
<gpxtpx:TrackPointExtension>
<gpxtpx:speed>0.33</gpxtpx:speed>
</gpxtpx:TrackPointExtension>
<opentracks:accuracy_horizontal>2</opentracks:accuracy_horizontal></extensions>
</trkpt>
<trkpt lat="42.923788" lon="1.846184">
<ele>579.9</ele>
<time>2026-09-17T18:48:03.063+02:00</time>
<extensions>
<gpxtpx:TrackPointExtension>
<gpxtpx:speed>0.45</gpxtpx:speed>
</gpxtpx:TrackPointExtension>
<opentracks:accuracy_horizontal>2</opentracks:accuracy_horizontal></extensions>
</trkpt>
<trkpt lat="42.923688" lon="1.846188">
<ele>580.3</ele>
<time>2026-09-17T18:48:13.055+02:00</time>
<extensions>
<gpxtpx:TrackPointExtension>
<gpxtpx:speed>0.28</gpxtpx:speed>
</gpxtpx:TrackPointExtension>
<opentracks:accuracy_horizontal>2</opentracks:accuracy_horizontal></extensions>
</trkpt>
<trkpt lat="42.923591" lon="1.846135">
<ele>581.5</ele>
<time>2026-09-17T18:48:23.058+02:00</time>
<extensions>
<gpxtpx:TrackPointExtension>
<gpxtpx:speed>0.39</gpxtpx:speed>
</gpxtpx:TrackPointExtension>
<opentracks:accuracy_horizontal>2</opentracks:accuracy_horizontal></extensions>
</trkpt>
<trkpt lat="42.923519" lon="1.846045">
<ele>582.5</ele>
<time>2026-09-17T18:48:27.049+02:00</time>
<extensions>
<gpxtpx:TrackPointExtension>
<gpxtpx:speed>0.64</gpxtpx:speed>
</gpxtpx:TrackPointExtension>
<opentracks:accuracy_horizontal>2</opentracks:accuracy_horizontal></extensions>
</trkpt>
<trkpt lat="42.923468" lon="1.845931">
<ele>582.8</ele>
<time>2026-09-17T18:48:32.043+02:00</time>
<extensions>
<gpxtpx:TrackPointExtension>
<gpxtpx:speed>1.11</gpxtpx:speed>
</gpxtpx:TrackPointExtension>
<opentracks:accuracy_horizontal>2</opentracks:accuracy_horizontal></extensions>
</trkpt>
<trkpt lat="42.923378" lon="1.84591">
<ele>582.4</ele>
<time>2026-09-17T18:48:39.045+02:00</time>
<extensions>
<gpxtpx:TrackPointExtension>
<gpxtpx:speed>1.12</gpxtpx:speed>
</gpxtpx:TrackPointExtension>
<opentracks:accuracy_horizontal>1.9</opentracks:accuracy_horizontal></extensions>
</trkpt>
<trkpt lat="42.92328" lon="1.845933">
<ele>581.6</ele>
<time>2026-09-17T18:48:46.019+02:00</time>
<extensions>
<gpxtpx:TrackPointExtension>
<gpxtpx:speed>1.24</gpxtpx:speed>
</gpxtpx:TrackPointExtension>
<opentracks:accuracy_horizontal>1.9</opentracks:accuracy_horizontal></extensions>
</trkpt>
<trkpt lat="42.923203" lon="1.845959">
<ele>579</ele>
<time>2026-09-17T18:48:55.048+02:00</time>
<extensions>
<gpxtpx:TrackPointExtension>
<gpxtpx:speed>1.18</gpxtpx:speed>
</gpxtpx:TrackPointExtension>
<opentracks:accuracy_horizontal>2</opentracks:accuracy_horizontal></extensions>
</trkpt>
<trkpt lat="42.923115" lon="1.846001">
<ele>576.5</ele>
<time>2026-09-17T18:49:04.044+02:00</time>
<extensions>
<gpxtpx:TrackPointExtension>
<gpxtpx:speed>0.98</gpxtpx:speed>
</gpxtpx:TrackPointExtension>
<opentracks:accuracy_horizontal>2.1</opentracks:accuracy_horizontal></extensions>
</trkpt>
<trkpt lat="42.923021" lon="1.845983">
<ele>577.1</ele>
<time>2026-09-17T18:49:13.059+02:00</time>
<extensions>
<gpxtpx:TrackPointExtension>
<gpxtpx:speed>0.48</gpxtpx:speed>
</gpxtpx:TrackPointExtension>
<opentracks:accuracy_horizontal>2.2</opentracks:accuracy_horizontal></extensions>
</trkpt>
<trkpt lat="42.922928" lon="1.845995">
<ele>578.6</ele>
<time>2026-09-17T18:49:20.047+02:00</time>
<extensions>
<gpxtpx:TrackPointExtension>
<gpxtpx:speed>0.33</gpxtpx:speed>
</gpxtpx:TrackPointExtension>
<opentracks:accuracy_horizontal>2.2</opentracks:accuracy_horizontal></extensions>
</trkpt>
<trkpt lat="42.922833" lon="1.845995">
<ele>580.6</ele>
<time>2026-09-17T18:49:28.055+02:00</time>
<extensions>
<gpxtpx:TrackPointExtension>
<gpxtpx:speed>0.34</gpxtpx:speed>
</gpxtpx:TrackPointExtension>
<opentracks:accuracy_horizontal>2.2</opentracks:accuracy_horizontal></extensions>
</trkpt>
<trkpt lat="42.92274" lon="1.846026">
<ele>581.2</ele>
<time>2026-09-17T18:49:35.058+02:00</time>
<extensions>
<gpxtpx:TrackPointExtension>
<gpxtpx:speed>0.71</gpxtpx:speed>
</gpxtpx:TrackPointExtension>
<opentracks:accuracy_horizontal>2.1</opentracks:accuracy_horizontal></extensions>
</trkpt>
<trkpt lat="42.922641" lon="1.846033">
<ele>581.5</ele>
<time>2026-09-17T18:49:41.048+02:00</time>
<extensions>
<gpxtpx:TrackPointExtension>
<gpxtpx:speed>0.86</gpxtpx:speed>
</gpxtpx:TrackPointExtension>
<opentracks:accuracy_horizontal>2.1</opentracks:accuracy_horizontal></extensions>
</trkpt>
<trkpt lat="42.922548" lon="1.846038">
<ele>581</ele>
<time>2026-09-17T18:49:49.047+02:00</time>
<extensions>
<gpxtpx:TrackPointExtension>
<gpxtpx:speed>0.72</gpxtpx:speed>
</gpxtpx:TrackPointExtension>
<opentracks:accuracy_horizontal>2.1</opentracks:accuracy_horizontal></extensions>
</trkpt>
<trkpt lat="42.922455" lon="1.846023">
<ele>581.2</ele>
<time>2026-09-17T18:49:54.041+02:00</time>
<extensions>
<gpxtpx:TrackPointExtension>
<gpxtpx:speed>0.68</gpxtpx:speed>
</gpxtpx:TrackPointExtension>
<opentracks:accuracy_horizontal>2.1</opentracks:accuracy_horizontal></extensions>
</trkpt>
<trkpt lat="42.922358" lon="1.845984">
<ele>581.6</ele>
<time>2026-09-17T18:50:00.038+02:00</time>
<extensions>
<gpxtpx:TrackPointExtension>
<gpxtpx:speed>0.85</gpxtpx:speed>
</gpxtpx:TrackPointExtension>
<opentracks:accuracy_horizontal>2.1</opentracks:accuracy_horizontal></extensions>
</trkpt>
<trkpt lat="42.922253" lon="1.845941">
<ele>582.5</ele>
<time>2026-09-17T18:50:05.041+02:00</time>
<extensions>
<gpxtpx:TrackPointExtension>
<gpxtpx:speed>0.82</gpxtpx:speed>
</gpxtpx:TrackPointExtension>
<opentracks:accuracy_horizontal>2</opentracks:accuracy_horizontal></extensions>
</trkpt>
<trkpt lat="42.922145" lon="1.845876">
<ele>582.1</ele>
<time>2026-09-17T18:50:12.057+02:00</time>
<extensions>
<gpxtpx:TrackPointExtension>
<gpxtpx:speed>0.87</gpxtpx:speed>
</gpxtpx:TrackPointExtension>
<opentracks:accuracy_horizontal>1.9</opentracks:accuracy_horizontal></extensions>
</trkpt>
<trkpt lat="42.922059" lon="1.845828">
<ele>582.9</ele>
<time>2026-09-17T18:50:17.045+02:00</time>
<extensions>
<gpxtpx:TrackPointExtension>
<gpxtpx:speed>1.06</gpxtpx:speed>
</gpxtpx:TrackPointExtension>
<opentracks:accuracy_horizontal>1.9</opentracks:accuracy_horizontal></extensions>
</trkpt>
<trkpt lat="42.921966" lon="1.845813">
<ele>583.4</ele>
<time>2026-09-17T18:50:22.046+02:00</time>
<extensions>
<gpxtpx:TrackPointExtension>
<gpxtpx:speed>1.4</gpxtpx:speed>
</gpxtpx:TrackPointExtension>
<opentracks:accuracy_horizontal>1.9</opentracks:accuracy_horizontal></extensions>
</trkpt>
<trkpt lat="42.921883" lon="1.845723">
<ele>585</ele>
<time>2026-09-17T18:50:29.057+02:00</time>
<extensions>
<gpxtpx:TrackPointExtension>
<gpxtpx:speed>1.05</gpxtpx:speed>
</gpxtpx:TrackPointExtension>
<opentracks:accuracy_horizontal>1.9</opentracks:accuracy_horizontal></extensions>
</trkpt>
<trkpt lat="42.921798" lon="1.845675">
<ele>585.1</ele>
<time>2026-09-17T18:50:38.05+02:00</time>
<extensions>
<gpxtpx:TrackPointExtension>
<gpxtpx:speed>0.87</gpxtpx:speed>
</gpxtpx:TrackPointExtension>
<opentracks:accuracy_horizontal>2</opentracks:accuracy_horizontal></extensions>
</trkpt>
<trkpt lat="42.92171" lon="1.845635">
<ele>585.7</ele>
<time>2026-09-17T18:50:43.049+02:00</time>
<extensions>
<gpxtpx:TrackPointExtension>
<gpxtpx:speed>0.78</gpxtpx:speed>
</gpxtpx:TrackPointExtension>
<opentracks:accuracy_horizontal>1.9</opentracks:accuracy_horizontal></extensions>
</trkpt>
<trkpt lat="42.921613" lon="1.845611">
<ele>586</ele>
<time>2026-09-17T18:50:50.05+02:00</time>
<extensions>
<gpxtpx:TrackPointExtension>
<gpxtpx:speed>0.92</gpxtpx:speed>
</gpxtpx:TrackPointExtension>
<opentracks:accuracy_horizontal>1.9</opentracks:accuracy_horizontal></extensions>
</trkpt>
<trkpt lat="42.921525" lon="1.845583">
<ele>585.5</ele>
<time>2026-09-17T18:50:58.049+02:00</time>
<extensions>
<gpxtpx:TrackPointExtension>
<gpxtpx:speed>0.94</gpxtpx:speed>
</gpxtpx:TrackPointExtension>
<opentracks:accuracy_horizontal>1.9</opentracks:accuracy_horizontal></extensions>
</trkpt>
<trkpt lat="42.921431" lon="1.845551">
<ele>585.1</ele>
<time>2026-09-17T18:51:06.055+02:00</time>
<extensions>
<gpxtpx:TrackPointExtension>
<gpxtpx:speed>1.09</gpxtpx:speed>
</gpxtpx:TrackPointExtension>
<opentracks:accuracy_horizontal>1.9</opentracks:accuracy_horizontal></extensions>
</trkpt>
<trkpt lat="42.92133" lon="1.845568">
<ele>584.6</ele>
<time>2026-09-17T18:51:15.047+02:00</time>
<extensions>
<gpxtpx:TrackPointExtension>
<gpxtpx:speed>1.18</gpxtpx:speed>
</gpxtpx:TrackPointExtension>
<opentracks:accuracy_horizontal>2</opentracks:accuracy_horizontal></extensions>
</trkpt>
<trkpt lat="42.921236" lon="1.845586">
<ele>582.9</ele>
<time>2026-09-17T18:51:23.065+02:00</time>
<extensions>
<gpxtpx:TrackPointExtension>
<gpxtpx:speed>1.09</gpxtpx:speed>
</gpxtpx:TrackPointExtension>
<opentracks:accuracy_horizontal>2</opentracks:accuracy_horizontal></extensions>
</trkpt>
<trkpt lat="42.921135" lon="1.845584">
<ele>581.4</ele>
<time>2026-09-17T18:51:30.049+02:00</time>
<extensions>
<gpxtpx:TrackPointExtension>
<gpxtpx:speed>1.04</gpxtpx:speed>
</gpxtpx:TrackPointExtension>
<opentracks:accuracy_horizontal>2.1</opentracks:accuracy_horizontal></extensions>
</trkpt>
<trkpt lat="42.921045" lon="1.845533">
<ele>580</ele>
<time>2026-09-17T18:51:37.052+02:00</time>
<extensions>
<gpxtpx:TrackPointExtension>
<gpxtpx:speed>1.24</gpxtpx:speed>
</gpxtpx:TrackPointExtension>
<opentracks:accuracy_horizontal>2.1</opentracks:accuracy_horizontal></extensions>
</trkpt>
<trkpt lat="42.92096" lon="1.845469">
<ele>579.7</ele>
<time>2026-09-17T18:51:44.048+02:00</time>
<extensions>
<gpxtpx:TrackPointExtension>
<gpxtpx:speed>0.95</gpxtpx:speed>
</gpxtpx:TrackPointExtension>
<opentracks:accuracy_horizontal>2</opentracks:accuracy_horizontal></extensions>
</trkpt>
<trkpt lat="42.920889" lon="1.845361">
<ele>580.5</ele>
<time>2026-09-17T18:51:50.061+02:00</time>
<extensions>
<gpxtpx:TrackPointExtension>
<gpxtpx:speed>0.89</gpxtpx:speed>
</gpxtpx:TrackPointExtension>
<opentracks:accuracy_horizontal>1.9</opentracks:accuracy_horizontal></extensions>
</trkpt>
<trkpt lat="42.920795" lon="1.845331">
<ele>580.1</ele>
<time>2026-09-17T18:51:57.056+02:00</time>
<extensions>
<gpxtpx:TrackPointExtension>
<gpxtpx:speed>1.25</gpxtpx:speed>
</gpxtpx:TrackPointExtension>
<opentracks:accuracy_horizontal>1.9</opentracks:accuracy_horizontal></extensions>
</trkpt>
<trkpt lat="42.920701" lon="1.845336">
<ele>579</ele>
<time>2026-09-17T18:52:06.056+02:00</time>
<extensions>
<gpxtpx:TrackPointExtension>
<gpxtpx:speed>0.99</gpxtpx:speed>
</gpxtpx:TrackPointExtension>
<opentracks:accuracy_horizontal>1.8</opentracks:accuracy_horizontal></extensions>
</trkpt>
<trkpt lat="42.920601" lon="1.84536">
<ele>578.7</ele>
<time>2026-09-17T18:52:13.06+02:00</time>
<extensions>
<gpxtpx:TrackPointExtension>
<gpxtpx:speed>1.1</gpxtpx:speed>
</gpxtpx:TrackPointExtension>
<opentracks:accuracy_horizontal>1.9</opentracks:accuracy_horizontal></extensions>
</trkpt>
<trkpt lat="42.920508" lon="1.84536">
<ele>578.7</ele>
<time>2026-09-17T18:52:19.055+02:00</time>
<extensions>
<gpxtpx:TrackPointExtension>
<gpxtpx:speed>1.18</gpxtpx:speed>
</gpxtpx:TrackPointExtension>
<opentracks:accuracy_horizontal>1.9</opentracks:accuracy_horizontal></extensions>
</trkpt>
<trkpt lat="42.920416" lon="1.84536">
<ele>577.8</ele>
<time>2026-09-17T18:52:29.061+02:00</time>
<extensions>
<gpxtpx:TrackPointExtension>
<gpxtpx:speed>0.98</gpxtpx:speed>
</gpxtpx:TrackPointExtension>
<opentracks:accuracy_horizontal>2.1</opentracks:accuracy_horizontal></extensions>
</trkpt>
<trkpt lat="42.920305" lon="1.845358">
<ele>577.5</ele>
<time>2026-09-17T18:52:37.05+02:00</time>
<extensions>
<gpxtpx:TrackPointExtension>
<gpxtpx:speed>0.99</gpxtpx:speed>
</gpxtpx:TrackPointExtension>
<opentracks:accuracy_horizontal>2</opentracks:accuracy_horizontal></extensions>
</trkpt>
<trkpt lat="42.920213" lon="1.845301">
<ele>578.1</ele>
<time>2026-09-17T18:52:42.057+02:00</time>
<extensions>
<gpxtpx:TrackPointExtension>
<gpxtpx:speed>1.06</gpxtpx:speed>
</gpxtpx:TrackPointExtension>
<opentracks:accuracy_horizontal>1.9</opentracks:accuracy_horizontal></extensions>
</trkpt>
<trkpt lat="42.92014" lon="1.845218">
<ele>578.3</ele>
<time>2026-09-17T18:52:48.058+02:00</time>
<extensions>
<gpxtpx:TrackPointExtension>
<gpxtpx:speed>1.11</gpxtpx:speed>
</gpxtpx:TrackPointExtension>
<opentracks:accuracy_horizontal>1.9</opentracks:accuracy_horizontal></extensions>
</trkpt>
<trkpt lat="42.920051" lon="1.845176">
<ele>577.7</ele>
<time>2026-09-17T18:52:58.059+02:00</time>
<extensions>
<gpxtpx:TrackPointExtension>
<gpxtpx:speed>0.85</gpxtpx:speed>
</gpxtpx:TrackPointExtension>
<opentracks:accuracy_horizontal>2</opentracks:accuracy_horizontal></extensions>
</trkpt>
<trkpt lat="42.91996" lon="1.845205">
<ele>577.2</ele>
<time>2026-09-17T18:53:08.066+02:00</time>
<extensions>
<gpxtpx:TrackPointExtension>
<gpxtpx:speed>0.84</gpxtpx:speed>
</gpxtpx:TrackPointExtension>
<opentracks:accuracy_horizontal>2</opentracks:accuracy_horizontal></extensions>
</trkpt>
<trkpt lat="42.91987" lon="1.845219">
<ele>576.1</ele>
<time>2026-09-17T18:53:17.073+02:00</time>
<extensions>
<gpxtpx:TrackPointExtension>
<gpxtpx:speed>0.85</gpxtpx:speed>
</gpxtpx:TrackPointExtension>
<opentracks:accuracy_horizontal>2.2</opentracks:accuracy_horizontal></extensions>
</trkpt>
<trkpt lat="42.919826" lon="1.845228">
<ele>577.4</ele>
<time>2026-09-17T18:53:27.054+02:00</time>
<extensions>
<gpxtpx:TrackPointExtension>
<gpxtpx:speed>0.43</gpxtpx:speed>
</gpxtpx:TrackPointExtension>
<opentracks:accuracy_horizontal>2.2</opentracks:accuracy_horizontal></extensions>
</trkpt>
<trkpt lat="42.919743" lon="1.845275">
<ele>578.1</ele>
<time>2026-09-17T18:53:40.046+02:00</time>
<extensions>
<gpxtpx:TrackPointExtension>
<gpxtpx:speed>0.66</gpxtpx:speed>
</gpxtpx:TrackPointExtension>
<opentracks:accuracy_horizontal>2.2</opentracks:accuracy_horizontal></extensions>
</trkpt>
<trkpt lat="42.919696" lon="1.845314">
<ele>577.9</ele>
<time>2026-09-17T18:53:50.049+02:00</time>
<extensions>
<gpxtpx:TrackPointExtension>
<gpxtpx:speed>0.69</gpxtpx:speed>
</gpxtpx:TrackPointExtension>
<opentracks:accuracy_horizontal>2.3</opentracks:accuracy_horizontal></extensions>
</trkpt>
<trkpt lat="42.919603" lon="1.84535">
<ele>578.8</ele>
<time>2026-09-17T18:54:01.061+02:00</time>
<extensions>
<gpxtpx:TrackPointExtension>
<gpxtpx:speed>0.61</gpxtpx:speed>
</gpxtpx:TrackPointExtension>
<opentracks:accuracy_horizontal>2.3</opentracks:accuracy_horizontal></extensions>
</trkpt>
<trkpt lat="42.919518" lon="1.845353">
<ele>579.7</ele>
<time>2026-09-17T18:54:11.054+02:00</time>
<extensions>
<gpxtpx:TrackPointExtension>
<gpxtpx:speed>0.75</gpxtpx:speed>
</gpxtpx:TrackPointExtension>
<opentracks:accuracy_horizontal>2.3</opentracks:accuracy_horizontal></extensions>
</trkpt>
<trkpt lat="42.91942" lon="1.845353">
<ele>580.4</ele>
<time>2026-09-17T18:54:16.059+02:00</time>
<extensions>
<gpxtpx:TrackPointExtension>
<gpxtpx:speed>0.75</gpxtpx:speed>
</gpxtpx:TrackPointExtension>
<opentracks:accuracy_horizontal>2.2</opentracks:accuracy_horizontal></extensions>
</trkpt>
<trkpt lat="42.91933" lon="1.845338">
<ele>581.1</ele>
<time>2026-09-17T18:54:24.059+02:00</time>
<extensions>
<gpxtpx:TrackPointExtension>
<gpxtpx:speed>0.77</gpxtpx:speed>
</gpxtpx:TrackPointExtension>
<opentracks:accuracy_horizontal>2.2</opentracks:accuracy_horizontal></extensions>
</trkpt>
<trkpt lat="42.91924" lon="1.845269">
<ele>582.1</ele>
<time>2026-09-17T18:54:29.057+02:00</time>
<extensions>
<gpxtpx:TrackPointExtension>
<gpxtpx:speed>0.74</gpxtpx:speed>
</gpxtpx:TrackPointExtension>
<opentracks:accuracy_horizontal>2.2</opentracks:accuracy_horizontal></extensions>
</trkpt>
<trkpt lat="42.91915" lon="1.845265">
<ele>582</ele>
<time>2026-09-17T18:54:39.051+02:00</time>
<extensions>
<gpxtpx:TrackPointExtension>
<gpxtpx:speed>0.63</gpxtpx:speed>
</gpxtpx:TrackPointExtension>
<opentracks:accuracy_horizontal>2.2</opentracks:accuracy_horizontal></extensions>
</trkpt>
<trkpt lat="42.919088" lon="1.845236">
<ele>582</ele>
<time>2026-09-17T18:54:48.064+02:00</time>
<extensions>
<gpxtpx:TrackPointExtension>
<gpxtpx:speed>0.52</gpxtpx:speed>
</gpxtpx:TrackPointExtension>
<opentracks:accuracy_horizontal>2.2</opentracks:accuracy_horizontal></extensions>
</trkpt>
<trkpt lat="42.918991" lon="1.845268">
<ele>583.1</ele>
<time>2026-09-17T18:55:00.056+02:00</time>
<extensions>
<gpxtpx:TrackPointExtension>
<gpxtpx:speed>0.68</gpxtpx:speed>
</gpxtpx:TrackPointExtension>
<opentracks:accuracy_horizontal>2.2</opentracks:accuracy_horizontal></extensions>
</trkpt>
<trkpt lat="42.918901" lon="1.845271">
<ele>584.3</ele>
<time>2026-09-17T18:55:09.053+02:00</time>
<extensions>
<gpxtpx:TrackPointExtension>
<gpxtpx:speed>0.76</gpxtpx:speed>
</gpxtpx:TrackPointExtension>
<opentracks:accuracy_horizontal>2.2</opentracks:accuracy_horizontal></extensions>
</trkpt>
<trkpt lat="42.918798" lon="1.845219">
<ele>588.6</ele>
<time>2026-09-17T18:55:17.054+02:00</time>
<extensions>
<gpxtpx:TrackPointExtension>
<gpxtpx:speed>0.85</gpxtpx:speed>
</gpxtpx:TrackPointExtension>
<opentracks:accuracy_horizontal>2.1</opentracks:accuracy_horizontal></extensions>
</trkpt>
<trkpt lat="42.918705" lon="1.845135">
<ele>592</ele>
<time>2026-09-17T18:55:21.061+02:00</time>
<extensions>
<gpxtpx:TrackPointExtension>
<gpxtpx:speed>0.8</gpxtpx:speed>
</gpxtpx:TrackPointExtension>
<opentracks:accuracy_horizontal>2</opentracks:accuracy_horizontal></extensions>
</trkpt>
<trkpt lat="42.918608" lon="1.845058">
<ele>596.7</ele>
<time>2026-09-17T18:55:25.06+02:00</time>
<extensions>
<gpxtpx:TrackPointExtension>
<gpxtpx:speed>0.91</gpxtpx:speed>
</gpxtpx:TrackPointExtension>
<opentracks:accuracy_horizontal>1.9</opentracks:accuracy_horizontal></extensions>
</trkpt>
<trkpt lat="42.91852" lon="1.844983">
<ele>600</ele>
<time>2026-09-17T18:55:30.063+02:00</time>
<extensions>
<gpxtpx:TrackPointExtension>
<gpxtpx:speed>0.89</gpxtpx:speed>
</gpxtpx:TrackPointExtension>
<opentracks:accuracy_horizontal>1.8</opentracks:accuracy_horizontal></extensions>
</trkpt>
<trkpt lat="42.918426" lon="1.844891">
<ele>603.3</ele>
<time>2026-09-17T18:55:35.057+02:00</time>
<extensions>
<gpxtpx:TrackPointExtension>
<gpxtpx:speed>0.91</gpxtpx:speed>
</gpxtpx:TrackPointExtension>
<opentracks:accuracy_horizontal>1.7</opentracks:accuracy_horizontal></extensions>
</trkpt>
<trkpt lat="42.918319" lon="1.84483">
<ele>606.2</ele>
<time>2026-09-17T18:55:38.046+02:00</time>
<extensions>
<gpxtpx:TrackPointExtension>
<gpxtpx:speed>1.32</gpxtpx:speed>
</gpxtpx:TrackPointExtension>
<opentracks:accuracy_horizontal>1.7</opentracks:accuracy_horizontal></extensions>
</trkpt>
<trkpt lat="42.918229" lon="1.844755">
<ele>611.7</ele>
<time>2026-09-17T18:55:41.029+02:00</time>
<extensions>
<gpxtpx:TrackPointExtension>
<gpxtpx:speed>1.48</gpxtpx:speed>
</gpxtpx:TrackPointExtension>
<opentracks:accuracy_horizontal>1.6</opentracks:accuracy_horizontal></extensions>
</trkpt>
<trkpt lat="42.918151" lon="1.844675">
<ele>615.4</ele>
<time>2026-09-17T18:55:47.038+02:00</time>
<extensions>
<gpxtpx:TrackPointExtension>
<gpxtpx:speed>1.36</gpxtpx:speed>
</gpxtpx:TrackPointExtension>
<opentracks:accuracy_horizontal>1.6</opentracks:accuracy_horizontal></extensions>
</trkpt>
<trkpt lat="42.918051" lon="1.844618">
<ele>618.4</ele>
<time>2026-09-17T18:55:54.055+02:00</time>
<extensions>
<gpxtpx:TrackPointExtension>
<gpxtpx:speed>1.31</gpxtpx:speed>
</gpxtpx:TrackPointExtension>
<opentracks:accuracy_horizontal>1.4</opentracks:accuracy_horizontal></extensions>
</trkpt>
<trkpt lat="42.917973" lon="1.844555">
<ele>621.5</ele>
<time>2026-09-17T18:56:01.055+02:00</time>
<extensions>
<gpxtpx:TrackPointExtension>
<gpxtpx:speed>1.52</gpxtpx:speed>
</gpxtpx:TrackPointExtension>
<opentracks:accuracy_horizontal>1.4</opentracks:accuracy_horizontal></extensions>
</trkpt>
<trkpt lat="42.917884" lon="1.844493">
<ele>623.5</ele>
<time>2026-09-17T18:56:08.073+02:00</time>
<extensions>
<gpxtpx:TrackPointExtension>
<gpxtpx:speed>1.31</gpxtpx:speed>
</gpxtpx:TrackPointExtension>
<opentracks:accuracy_horizontal>1.4</opentracks:accuracy_horizontal></extensions>
</trkpt>
<trkpt lat="42.917798" lon="1.84442">
<ele>623.5</ele>
<time>2026-09-17T18:56:16.026+02:00</time>
<extensions>
<gpxtpx:TrackPointExtension>
<gpxtpx:speed>1.36</gpxtpx:speed>
</gpxtpx:TrackPointExtension>
<opentracks:accuracy_horizontal>1.3</opentracks:accuracy_horizontal></extensions>
</trkpt>
<trkpt lat="42.917719" lon="1.844351">
<ele>626.1</ele>
<time>2026-09-17T18:56:23.046+02:00</time>
<extensions>
<gpxtpx:TrackPointExtension>
<gpxtpx:speed>1.34</gpxtpx:speed>
</gpxtpx:TrackPointExtension>
<opentracks:accuracy_horizontal>1.3</opentracks:accuracy_horizontal></extensions>
</trkpt>
<trkpt lat="42.917635" lon="1.844286">
<ele>626.6</ele>
<time>2026-09-17T18:56:31.032+02:00</time>
<extensions>
<gpxtpx:TrackPointExtension>
<gpxtpx:speed>1.32</gpxtpx:speed>
</gpxtpx:TrackPointExtension>
<opentracks:accuracy_horizontal>1.3</opentracks:accuracy_horizontal></extensions>
</trkpt>
<trkpt lat="42.917539" lon="1.844233">
<ele>627.7</ele>
<time>2026-09-17T18:56:39.016+02:00</time>
<extensions>
<gpxtpx:TrackPointExtension>
<gpxtpx:speed>1.36</gpxtpx:speed>
</gpxtpx:TrackPointExtension>
<opentracks:accuracy_horizontal>1.3</opentracks:accuracy_horizontal></extensions>
</trkpt>
<trkpt lat="42.917463" lon="1.844173">
<ele>627</ele>
<time>2026-09-17T18:56:48.049+02:00</time>
<extensions>
<gpxtpx:TrackPointExtension>
<gpxtpx:speed>0.93</gpxtpx:speed>
</gpxtpx:TrackPointExtension>
<opentracks:accuracy_horizontal>1.5</opentracks:accuracy_horizontal></extensions>
</trkpt>
<trkpt lat="42.91737" lon="1.844113">
<ele>625.6</ele>
<time>2026-09-17T18:56:55.047+02:00</time>
<extensions>
<gpxtpx:TrackPointExtension>
<gpxtpx:speed>1.24</gpxtpx:speed>
</gpxtpx:TrackPointExtension>
<opentracks:accuracy_horizontal>1.4</opentracks:accuracy_horizontal></extensions>
</trkpt>
<trkpt lat="42.917293" lon="1.844045">
<ele>625.9</ele>
<time>2026-09-17T18:57:02.047+02:00</time>
<extensions>
<gpxtpx:TrackPointExtension>
<gpxtpx:speed>1.23</gpxtpx:speed>
</gpxtpx:TrackPointExtension>
<opentracks:accuracy_horizontal>1.4</opentracks:accuracy_horizontal></extensions>
</trkpt>
<trkpt lat="42.917215" lon="1.843971">
<ele>626.4</ele>
<time>2026-09-17T18:57:09.055+02:00</time>
<extensions>
<gpxtpx:TrackPointExtension>
<gpxtpx:speed>1.19</gpxtpx:speed>
</gpxtpx:TrackPointExtension>
<opentracks:accuracy_horizontal>1.4</opentracks:accuracy_horizontal></extensions>
</trkpt>
<trkpt lat="42.917153" lon="1.84388">
<ele>626.5</ele>
<time>2026-09-17T18:57:17.068+02:00</time>
<extensions>
<gpxtpx:TrackPointExtension>
<gpxtpx:speed>1.1</gpxtpx:speed>
</gpxtpx:TrackPointExtension>
<opentracks:accuracy_horizontal>1.6</opentracks:accuracy_horizontal></extensions>
</trkpt>
<trkpt lat="42.917083" lon="1.843781">
<ele>626.2</ele>
<time>2026-09-17T18:57:24.061+02:00</time>
<extensions>
<gpxtpx:TrackPointExtension>
<gpxtpx:speed>1.17</gpxtpx:speed>
</gpxtpx:TrackPointExtension>
<opentracks:accuracy_horizontal>1.5</opentracks:accuracy_horizontal></extensions>
</trkpt>
<trkpt lat="42.917018" lon="1.843688">
<ele>627.4</ele>
<time>2026-09-17T18:57:32.055+02:00</time>
<extensions>
<gpxtpx:TrackPointExtension>
<gpxtpx:speed>1.16</gpxtpx:speed>
</gpxtpx:TrackPointExtension>
<opentracks:accuracy_horizontal>1.5</opentracks:accuracy_horizontal></extensions>
</trkpt>
<trkpt lat="42.916953" lon="1.843596">
<ele>627.9</ele>
<time>2026-09-17T18:57:40.051+02:00</time>
<extensions>
<gpxtpx:TrackPointExtension>
<gpxtpx:speed>0.94</gpxtpx:speed>
</gpxtpx:TrackPointExtension>
<opentracks:accuracy_horizontal>1.6</opentracks:accuracy_horizontal></extensions>
</trkpt>
<trkpt lat="42.916885" lon="1.843516">
<ele>627.4</ele>
<time>2026-09-17T18:57:48.064+02:00</time>
<extensions>
<gpxtpx:TrackPointExtension>
<gpxtpx:speed>0.85</gpxtpx:speed>
</gpxtpx:TrackPointExtension>
<opentracks:accuracy_horizontal>1.6</opentracks:accuracy_horizontal></extensions>
</trkpt>
<trkpt lat="42.91681" lon="1.84344">
<ele>625.6</ele>
<time>2026-09-17T18:57:55.053+02:00</time>
<extensions>
<gpxtpx:TrackPointExtension>
<gpxtpx:speed>1.18</gpxtpx:speed>
</gpxtpx:TrackPointExtension>
<opentracks:accuracy_horizontal>1.6</opentracks:accuracy_horizontal></extensions>
</trkpt>
<trkpt lat="42.916721" lon="1.843386">
<ele>624.6</ele>
<time>2026-09-17T18:58:03.053+02:00</time>
<extensions>
<gpxtpx:TrackPointExtension>
<gpxtpx:speed>1.13</gpxtpx:speed>
</gpxtpx:TrackPointExtension>
<opentracks:accuracy_horizontal>1.6</opentracks:accuracy_horizontal></extensions>
</trkpt>
<trkpt lat="42.916631" lon="1.843328">
<ele>624.9</ele>
<time>2026-09-17T18:58:09.049+02:00</time>
<extensions>
<gpxtpx:TrackPointExtension>
<gpxtpx:speed>1.13</gpxtpx:speed>
</gpxtpx:TrackPointExtension>
<opentracks:accuracy_horizontal>1.6</opentracks:accuracy_horizontal></extensions>
</trkpt>
<trkpt lat="42.916543" lon="1.84328">
<ele>625.2</ele>
<time>2026-09-17T18:58:15.056+02:00</time>
<extensions>
<gpxtpx:TrackPointExtension>
<gpxtpx:speed>1.36</gpxtpx:speed>
</gpxtpx:TrackPointExtension>
<opentracks:accuracy_horizontal>1.6</opentracks:accuracy_horizontal></extensions>
</trkpt>
<trkpt lat="42.916458" lon="1.843231">
<ele>626</ele>
<time>2026-09-17T18:58:21.055+02:00</time>
<extensions>
<gpxtpx:TrackPointExtension>
<gpxtpx:speed>1.38</gpxtpx:speed>
</gpxtpx:TrackPointExtension>
<opentracks:accuracy_horizontal>1.6</opentracks:accuracy_horizontal></extensions>
</trkpt>
<trkpt lat="42.916378" lon="1.843155">
<ele>627.5</ele>
<time>2026-09-17T18:58:28.064+02:00</time>
<extensions>
<gpxtpx:TrackPointExtension>
<gpxtpx:speed>1.28</gpxtpx:speed>
</gpxtpx:TrackPointExtension>
<opentracks:accuracy_horizontal>1.6</opentracks:accuracy_horizontal></extensions>
</trkpt>
<trkpt lat="42.916293" lon="1.843101">
<ele>629.2</ele>
<time>2026-09-17T18:58:36.058+02:00</time>
<extensions>
<gpxtpx:TrackPointExtension>
<gpxtpx:speed>0.91</gpxtpx:speed>
</gpxtpx:TrackPointExtension>
<opentracks:accuracy_horizontal>1.6</opentracks:accuracy_horizontal></extensions>
</trkpt>
<trkpt lat="42.916218" lon="1.842996">
<ele>629.8</ele>
<time>2026-09-17T18:58:44.035+02:00</time>
<extensions>
<gpxtpx:TrackPointExtension>
<gpxtpx:speed>1.2</gpxtpx:speed>
</gpxtpx:TrackPointExtension>
<opentracks:accuracy_horizontal>1.6</opentracks:accuracy_horizontal></extensions>
</trkpt>
<trkpt lat="42.916176" lon="1.84295">
<ele>630.1</ele>
<time>2026-09-17T18:58:53.178+02:00</time>
<extensions>
<gpxtpx:TrackPointExtension>
<gpxtpx:speed>0.47</gpxtpx:speed>
</gpxtpx:TrackPointExtension>
<opentracks:accuracy_horizontal>1.4</opentracks:accuracy_horizontal></extensions>
</trkpt>
<trkpt lat="42.916093" lon="1.842876">
<ele>632.3</ele>
<time>2026-09-17T18:59:21.053+02:00</time>
<extensions>
<gpxtpx:TrackPointExtension>
<gpxtpx:speed>0.96</gpxtpx:speed>
</gpxtpx:TrackPointExtension>
<opentracks:accuracy_horizontal>1.5</opentracks:accuracy_horizontal></extensions>
</trkpt>
<trkpt lat="42.916008" lon="1.842818">
<ele>632.1</ele>
<time>2026-09-17T18:59:28.066+02:00</time>
<extensions>
<gpxtpx:TrackPointExtension>
<gpxtpx:speed>1.3</gpxtpx:speed>
</gpxtpx:TrackPointExtension>
<opentracks:accuracy_horizontal>1.3</opentracks:accuracy_horizontal></extensions>
</trkpt>
<trkpt lat="42.915916" lon="1.842768">
<ele>633.6</ele>
<time>2026-09-17T18:59:35.038+02:00</time>
<extensions>
<gpxtpx:TrackPointExtension>
<gpxtpx:speed>1.32</gpxtpx:speed>
</gpxtpx:TrackPointExtension>
<opentracks:accuracy_horizontal>1.3</opentracks:accuracy_horizontal></extensions>
</trkpt>
<trkpt lat="42.915823" lon="1.842715">
<ele>634.6</ele>
<time>2026-09-17T18:59:42.042+02:00</time>
<extensions>
<gpxtpx:TrackPointExtension>
<gpxtpx:speed>1.37</gpxtpx:speed>
</gpxtpx:TrackPointExtension>
<opentracks:accuracy_horizontal>1.4</opentracks:accuracy_horizontal></extensions>
</trkpt>
<trkpt lat="42.915743" lon="1.84265">
<ele>635.2</ele>
<time>2026-09-17T18:59:50.061+02:00</time>
<extensions>
<gpxtpx:TrackPointExtension>
<gpxtpx:speed>1.26</gpxtpx:speed>
</gpxtpx:TrackPointExtension>
<opentracks:accuracy_horizontal>1.3</opentracks:accuracy_horizontal></extensions>
</trkpt>
<trkpt lat="42.915658" lon="1.842583">
<ele>634.9</ele>
<time>2026-09-17T18:59:57.027+02:00</time>
<extensions>
<gpxtpx:TrackPointExtension>
<gpxtpx:speed>1.38</gpxtpx:speed>
</gpxtpx:TrackPointExtension>
<opentracks:accuracy_horizontal>1.3</opentracks:accuracy_horizontal></extensions>
</trkpt>
<trkpt lat="42.91558" lon="1.842498">
<ele>634.1</ele>
<time>2026-09-17T19:00:05.051+02:00</time>
<extensions>
<gpxtpx:TrackPointExtension>
<gpxtpx:speed>1.37</gpxtpx:speed>
</gpxtpx:TrackPointExtension>
<opentracks:accuracy_horizontal>1.3</opentracks:accuracy_horizontal></extensions>
</trkpt>
<trkpt lat="42.915505" lon="1.842418">
<ele>633.5</ele>
<time>2026-09-17T19:00:13.032+02:00</time>
<extensions>
<gpxtpx:TrackPointExtension>
<gpxtpx:speed>1.31</gpxtpx:speed>
</gpxtpx:TrackPointExtension>
<opentracks:accuracy_horizontal>1.5</opentracks:accuracy_horizontal></extensions>
</trkpt>
<trkpt lat="42.915426" lon="1.842331">
<ele>634.3</ele>
<time>2026-09-17T19:00:21.059+02:00</time>
<extensions>
<gpxtpx:TrackPointExtension>
<gpxtpx:speed>1.24</gpxtpx:speed>
</gpxtpx:TrackPointExtension>
<opentracks:accuracy_horizontal>1.4</opentracks:accuracy_horizontal></extensions>
</trkpt>
<trkpt lat="42.915341" lon="1.842266">
<ele>634.2</ele>
<time>2026-09-17T19:00:28.082+02:00</time>
<extensions>
<gpxtpx:TrackPointExtension>
<gpxtpx:speed>1.35</gpxtpx:speed>
</gpxtpx:TrackPointExtension>
<opentracks:accuracy_horizontal>1.4</opentracks:accuracy_horizontal></extensions>
</trkpt>
<trkpt lat="42.915291" lon="1.84217">
<ele>632.6</ele>
<time>2026-09-17T19:00:38.079+02:00</time>
<extensions>
<gpxtpx:TrackPointExtension>
<gpxtpx:speed>0.96</gpxtpx:speed>
</gpxtpx:TrackPointExtension>
<opentracks:accuracy_horizontal>1.7</opentracks:accuracy_horizontal></extensions>
</trkpt>
<trkpt lat="42.915201" lon="1.842103">
<ele>631.8</ele>
<time>2026-09-17T19:00:45.061+02:00</time>
<extensions>
<gpxtpx:TrackPointExtension>
<gpxtpx:speed>0.89</gpxtpx:speed>
</gpxtpx:TrackPointExtension>
<opentracks:accuracy_horizontal>1.8</opentracks:accuracy_horizontal></extensions>
</trkpt>
<trkpt lat="42.915118" lon="1.842028">
<ele>630.9</ele>
<time>2026-09-17T19:00:52.073+02:00</time>
<extensions>
<gpxtpx:TrackPointExtension>
<gpxtpx:speed>1.19</gpxtpx:speed>
</gpxtpx:TrackPointExtension>
<opentracks:accuracy_horizontal>1.7</opentracks:accuracy_horizontal></extensions>
</trkpt>
<trkpt lat="42.915038" lon="1.841961">
<ele>629.2</ele>
<time>2026-09-17T19:01:00.074+02:00</time>
<extensions>
<gpxtpx:TrackPointExtension>
<gpxtpx:speed>1.01</gpxtpx:speed>
</gpxtpx:TrackPointExtension>
<opentracks:accuracy_horizontal>1.9</opentracks:accuracy_horizontal></extensions>
</trkpt>
<trkpt lat="42.914945" lon="1.841908">
<ele>626.5</ele>
<time>2026-09-17T19:01:10.064+02:00</time>
<extensions>
<gpxtpx:TrackPointExtension>
<gpxtpx:speed>0.76</gpxtpx:speed>
</gpxtpx:TrackPointExtension>
<opentracks:accuracy_horizontal>1.8</opentracks:accuracy_horizontal></extensions>
</trkpt>
<trkpt lat="42.914898" lon="1.841783">
<ele>625.6</ele>
<time>2026-09-17T19:01:20.057+02:00</time>
<extensions>
<gpxtpx:TrackPointExtension>
<gpxtpx:speed>0.81</gpxtpx:speed>
</gpxtpx:TrackPointExtension>
<opentracks:accuracy_horizontal>1.7</opentracks:accuracy_horizontal></extensions>
</trkpt>
<trkpt lat="42.914811" lon="1.841701">
<ele>623.8</ele>
<time>2026-09-17T19:01:27.066+02:00</time>
<extensions>
<gpxtpx:TrackPointExtension>
<gpxtpx:speed>0.98</gpxtpx:speed>
</gpxtpx:TrackPointExtension>
<opentracks:accuracy_horizontal>1.8</opentracks:accuracy_horizontal></extensions>
</trkpt>
<trkpt lat="42.914741" lon="1.841606">
<ele>623.3</ele>
<time>2026-09-17T19:01:35.069+02:00</time>
<extensions>
<gpxtpx:TrackPointExtension>
<gpxtpx:speed>1.1</gpxtpx:speed>
</gpxtpx:TrackPointExtension>
<opentracks:accuracy_horizontal>1.8</opentracks:accuracy_horizontal></extensions>
</trkpt>
<trkpt lat="42.914668" lon="1.841535">
<ele>623.8</ele>
<time>2026-09-17T19:01:42.052+02:00</time>
<extensions>
<gpxtpx:TrackPointExtension>
<gpxtpx:speed>1.13</gpxtpx:speed>
</gpxtpx:TrackPointExtension>
<opentracks:accuracy_horizontal>1.9</opentracks:accuracy_horizontal></extensions>
</trkpt>
<trkpt lat="42.914598" lon="1.841436">
<ele>624</ele>
<time>2026-09-17T19:01:49.065+02:00</time>
<extensions>
<gpxtpx:TrackPointExtension>
<gpxtpx:speed>1.01</gpxtpx:speed>
</gpxtpx:TrackPointExtension>
<opentracks:accuracy_horizontal>1.8</opentracks:accuracy_horizontal></extensions>
</trkpt>
<trkpt lat="42.914523" lon="1.84134">
<ele>624.1</ele>
<time>2026-09-17T19:01:56.062+02:00</time>
<extensions>
<gpxtpx:TrackPointExtension>
<gpxtpx:speed>1.14</gpxtpx:speed>
</gpxtpx:TrackPointExtension>
<opentracks:accuracy_horizontal>1.9</opentracks:accuracy_horizontal></extensions>
</trkpt>
<trkpt lat="42.914458" lon="1.841236">
<ele>624.3</ele>
<time>2026-09-17T19:02:04.076+02:00</time>
<extensions>
<gpxtpx:TrackPointExtension>
<gpxtpx:speed>1.07</gpxtpx:speed>
</gpxtpx:TrackPointExtension>
<opentracks:accuracy_horizontal>1.9</opentracks:accuracy_horizontal></extensions>
</trkpt>
<trkpt lat="42.914391" lon="1.841133">
<ele>623.9</ele>
<time>2026-09-17T19:02:12.061+02:00</time>
<extensions>
<gpxtpx:TrackPointExtension>
<gpxtpx:speed>1.07</gpxtpx:speed>
</gpxtpx:TrackPointExtension>
<opentracks:accuracy_horizontal>1.7</opentracks:accuracy_horizontal></extensions>
</trkpt>
<trkpt lat="42.914336" lon="1.84103">
<ele>623.5</ele>
<time>2026-09-17T19:02:19.079+02:00</time>
<extensions>
<gpxtpx:TrackPointExtension>
<gpxtpx:speed>1.1</gpxtpx:speed>
</gpxtpx:TrackPointExtension>
<opentracks:accuracy_horizontal>1.8</opentracks:accuracy_horizontal></extensions>
</trkpt>
<trkpt lat="42.914276" lon="1.840926">
<ele>623.7</ele>
<time>2026-09-17T19:02:27.067+02:00</time>
<extensions>
<gpxtpx:TrackPointExtension>
<gpxtpx:speed>0.76</gpxtpx:speed>
</gpxtpx:TrackPointExtension>
<opentracks:accuracy_horizontal>1.8</opentracks:accuracy_horizontal></extensions>
</trkpt>
<trkpt lat="42.914206" lon="1.840836">
<ele>624.1</ele>
<time>2026-09-17T19:02:33.054+02:00</time>
<extensions>
<gpxtpx:TrackPointExtension>
<gpxtpx:speed>0.93</gpxtpx:speed>
</gpxtpx:TrackPointExtension>
<opentracks:accuracy_horizontal>1.7</opentracks:accuracy_horizontal></extensions>
</trkpt>
<trkpt lat="42.914144" lon="1.84074">
<ele>623</ele>
<time>2026-09-17T19:02:39.061+02:00</time>
<extensions>
<gpxtpx:TrackPointExtension>
<gpxtpx:speed>1.18</gpxtpx:speed>
</gpxtpx:TrackPointExtension>
<opentracks:accuracy_horizontal>1.8</opentracks:accuracy_horizontal></extensions>
</trkpt>
<trkpt lat="42.914081" lon="1.84064">
<ele>622.6</ele>
<time>2026-09-17T19:02:46.065+02:00</time>
<extensions>
<gpxtpx:TrackPointExtension>
<gpxtpx:speed>1.16</gpxtpx:speed>
</gpxtpx:TrackPointExtension>
<opentracks:accuracy_horizontal>1.7</opentracks:accuracy_horizontal></extensions>
</trkpt>
<trkpt lat="42.914013" lon="1.84055">
<ele>623</ele>
<time>2026-09-17T19:02:52.065+02:00</time>
<extensions>
<gpxtpx:TrackPointExtension>
<gpxtpx:speed>1.2</gpxtpx:speed>
</gpxtpx:TrackPointExtension>
<opentracks:accuracy_horizontal>1.7</opentracks:accuracy_horizontal></extensions>
</trkpt>
<trkpt lat="42.913945" lon="1.840445">
<ele>623.1</ele>
<time>2026-09-17T19:02:58.06+02:00</time>
<extensions>
<gpxtpx:TrackPointExtension>
<gpxtpx:speed>1.43</gpxtpx:speed>
</gpxtpx:TrackPointExtension>
<opentracks:accuracy_horizontal>1.8</opentracks:accuracy_horizontal></extensions>
</trkpt>
<trkpt lat="42.913871" lon="1.840353">
<ele>623.2</ele>
<time>2026-09-17T19:03:05.067+02:00</time>
<extensions>
<gpxtpx:TrackPointExtension>
<gpxtpx:speed>1.29</gpxtpx:speed>
</gpxtpx:TrackPointExtension>
<opentracks:accuracy_horizontal>1.8</opentracks:accuracy_horizontal></extensions>
</trkpt>
<trkpt lat="42.913798" lon="1.840278">
<ele>623.9</ele>
<time>2026-09-17T19:03:12.059+02:00</time>
<extensions>
<gpxtpx:TrackPointExtension>
<gpxtpx:speed>1.03</gpxtpx:speed>
</gpxtpx:TrackPointExtension>
<opentracks:accuracy_horizontal>1.8</opentracks:accuracy_horizontal></extensions>
</trkpt>
<trkpt lat="42.913723" lon="1.840203">
<ele>625.5</ele>
<time>2026-09-17T19:03:22.05+02:00</time>
<extensions>
<gpxtpx:TrackPointExtension>
<gpxtpx:speed>0.62</gpxtpx:speed>
</gpxtpx:TrackPointExtension>
<opentracks:accuracy_horizontal>1.9</opentracks:accuracy_horizontal></extensions>
</trkpt>
<trkpt lat="42.913665" lon="1.840145">
<ele>625.2</ele>
<time>2026-09-17T19:03:31.077+02:00</time>
<extensions>
<gpxtpx:TrackPointExtension>
<gpxtpx:speed>0.42</gpxtpx:speed>
</gpxtpx:TrackPointExtension>
<opentracks:accuracy_horizontal>2</opentracks:accuracy_horizontal></extensions>
</trkpt>
<trkpt lat="42.913606" lon="1.840028">
<ele>625.4</ele>
<time>2026-09-17T19:03:39.081+02:00</time>
<extensions>
<gpxtpx:TrackPointExtension>
<gpxtpx:speed>0.55</gpxtpx:speed>
</gpxtpx:TrackPointExtension>
<opentracks:accuracy_horizontal>2</opentracks:accuracy_horizontal></extensions>
</trkpt>
<trkpt lat="42.913553" lon="1.839921">
<ele>625.8</ele>
<time>2026-09-17T19:03:45.061+02:00</time>
<extensions>
<gpxtpx:TrackPointExtension>
<gpxtpx:speed>0.7</gpxtpx:speed>
</gpxtpx:TrackPointExtension>
<opentracks:accuracy_horizontal>1.9</opentracks:accuracy_horizontal></extensions>
</trkpt>
<trkpt lat="42.91352" lon="1.839798">
<ele>625.1</ele>
<time>2026-09-17T19:03:51.069+02:00</time>
<extensions>
<gpxtpx:TrackPointExtension>
<gpxtpx:speed>1.05</gpxtpx:speed>
</gpxtpx:TrackPointExtension>
<opentracks:accuracy_horizontal>1.9</opentracks:accuracy_horizontal></extensions>
</trkpt>
<trkpt lat="42.913485" lon="1.839675">
<ele>624.5</ele>
<time>2026-09-17T19:03:58.061+02:00</time>
<extensions>
<gpxtpx:TrackPointExtension>
<gpxtpx:speed>1.39</gpxtpx:speed>
</gpxtpx:TrackPointExtension>
<opentracks:accuracy_horizontal>1.8</opentracks:accuracy_horizontal></extensions>
</trkpt>
<trkpt lat="42.913451" lon="1.839546">
<ele>623.3</ele>
<time>2026-09-17T19:04:06.075+02:00</time>
<extensions>
<gpxtpx:TrackPointExtension>
<gpxtpx:speed>1.34</gpxtpx:speed>
</gpxtpx:TrackPointExtension>
<opentracks:accuracy_horizontal>1.8</opentracks:accuracy_horizontal></extensions>
</trkpt>
<trkpt lat="42.913413" lon="1.839445">
<ele>622.3</ele>
<time>2026-09-17T19:04:16.065+02:00</time>
<extensions>
<gpxtpx:TrackPointExtension>
<gpxtpx:speed>0.77</gpxtpx:speed>
</gpxtpx:TrackPointExtension>
<opentracks:accuracy_horizontal>1.9</opentracks:accuracy_horizontal></extensions>
</trkpt>
<trkpt lat="42.913363" lon="1.839333">
<ele>622</ele>
<time>2026-09-17T19:04:24.062+02:00</time>
<extensions>
<gpxtpx:TrackPointExtension>
<gpxtpx:speed>0.61</gpxtpx:speed>
</gpxtpx:TrackPointExtension>
<opentracks:accuracy_horizontal>1.9</opentracks:accuracy_horizontal></extensions>
</trkpt>
<trkpt lat="42.913318" lon="1.839216">
<ele>621.1</ele>
<time>2026-09-17T19:04:32.041+02:00</time>
<extensions>
<gpxtpx:TrackPointExtension>
<gpxtpx:speed>0.85</gpxtpx:speed>
</gpxtpx:TrackPointExtension>
<opentracks:accuracy_horizontal>1.8</opentracks:accuracy_horizontal></extensions>
</trkpt>
<trkpt lat="42.913271" lon="1.8391">
<ele>620.5</ele>
<time>2026-09-17T19:04:40.066+02:00</time>
<extensions>
<gpxtpx:TrackPointExtension>
<gpxtpx:speed>0.93</gpxtpx:speed>
</gpxtpx:TrackPointExtension>
<opentracks:accuracy_horizontal>1.9</opentracks:accuracy_horizontal></extensions>
</trkpt>
<trkpt lat="42.913215" lon="1.838995">
<ele>619.5</ele>
<time>2026-09-17T19:04:48.249+02:00</time>
<extensions>
<gpxtpx:TrackPointExtension>
<gpxtpx:speed>0.85</gpxtpx:speed>
</gpxtpx:TrackPointExtension>
<opentracks:accuracy_horizontal>1.8</opentracks:accuracy_horizontal></extensions>
</trkpt>
<trkpt lat="42.913151" lon="1.83889">
<ele>619.7</ele>
<time>2026-09-17T19:04:55.057+02:00</time>
<extensions>
<gpxtpx:TrackPointExtension>
<gpxtpx:speed>0.94</gpxtpx:speed>
</gpxtpx:TrackPointExtension>
<opentracks:accuracy_horizontal>1.7</opentracks:accuracy_horizontal></extensions>
</trkpt>
<trkpt lat="42.913095" lon="1.838783">
<ele>620.1</ele>
<time>2026-09-17T19:05:03.064+02:00</time>
<extensions>
<gpxtpx:TrackPointExtension>
<gpxtpx:speed>0.92</gpxtpx:speed>
</gpxtpx:TrackPointExtension>
<opentracks:accuracy_horizontal>1.7</opentracks:accuracy_horizontal></extensions>
</trkpt>
<trkpt lat="42.913031" lon="1.838676">
<ele>620.4</ele>
<time>2026-09-17T19:05:10.069+02:00</time>
<extensions>
<gpxtpx:TrackPointExtension>
<gpxtpx:speed>1.1</gpxtpx:speed>
</gpxtpx:TrackPointExtension>
<opentracks:accuracy_horizontal>1.9</opentracks:accuracy_horizontal></extensions>
</trkpt>
<trkpt lat="42.912983" lon="1.838568">
<ele>619.6</ele>
<time>2026-09-17T19:05:17.065+02:00</time>
<extensions>
<gpxtpx:TrackPointExtension>
<gpxtpx:speed>0.97</gpxtpx:speed>
</gpxtpx:TrackPointExtension>
<opentracks:accuracy_horizontal>1.8</opentracks:accuracy_horizontal></extensions>
</trkpt>
<trkpt lat="42.912941" lon="1.838441">
<ele>619.3</ele>
<time>2026-09-17T19:05:24.065+02:00</time>
<extensions>
<gpxtpx:TrackPointExtension>
<gpxtpx:speed>0.85</gpxtpx:speed>
</gpxtpx:TrackPointExtension>
<opentracks:accuracy_horizontal>1.8</opentracks:accuracy_horizontal></extensions>
</trkpt>
<trkpt lat="42.912916" lon="1.838313">
<ele>618.1</ele>
<time>2026-09-17T19:05:30.079+02:00</time>
<extensions>
<gpxtpx:TrackPointExtension>
<gpxtpx:speed>1.19</gpxtpx:speed>
</gpxtpx:TrackPointExtension>
<opentracks:accuracy_horizontal>1.9</opentracks:accuracy_horizontal></extensions>
</trkpt>
<trkpt lat="42.912838" lon="1.838241">
<ele>615.9</ele>
<time>2026-09-17T19:05:39.059+02:00</time>
<extensions>
<gpxtpx:TrackPointExtension>
<gpxtpx:speed>0.97</gpxtpx:speed>
</gpxtpx:TrackPointExtension>
<opentracks:accuracy_horizontal>1.8</opentracks:accuracy_horizontal></extensions>
</trkpt>
<trkpt lat="42.91276" lon="1.838171">
<ele>614.5</ele>
<time>2026-09-17T19:05:47.056+02:00</time>
<extensions>
<gpxtpx:TrackPointExtension>
<gpxtpx:speed>0.99</gpxtpx:speed>
</gpxtpx:TrackPointExtension>
<opentracks:accuracy_horizontal>2</opentracks:accuracy_horizontal></extensions>
</trkpt>
<trkpt lat="42.912699" lon="1.838093">
<ele>612.2</ele>
<time>2026-09-17T19:05:57.059+02:00</time>
<extensions>
<gpxtpx:TrackPointExtension>
<gpxtpx:speed>0.6</gpxtpx:speed>
</gpxtpx:TrackPointExtension>
<opentracks:accuracy_horizontal>2.1</opentracks:accuracy_horizontal></extensions>
</trkpt>
<trkpt lat="42.912638" lon="1.837996">
<ele>611.6</ele>
<time>2026-09-17T19:06:04.179+02:00</time>
<extensions>
<gpxtpx:TrackPointExtension>
<gpxtpx:speed>0.55</gpxtpx:speed>
</gpxtpx:TrackPointExtension>
<opentracks:accuracy_horizontal>1.9</opentracks:accuracy_horizontal></extensions>
</trkpt>
<trkpt lat="42.912593" lon="1.83793">
<ele>616.2</ele>
<time>2026-09-17T19:06:14.056+02:00</time>
<extensions>
<gpxtpx:TrackPointExtension>
<gpxtpx:speed>0</gpxtpx:speed>
</gpxtpx:TrackPointExtension>
<opentracks:accuracy_horizontal>1.6</opentracks:accuracy_horizontal></extensions>
</trkpt>
<trkpt lat="42.9125" lon="1.837921">
<ele>620.6</ele>
<time>2026-09-17T19:06:40.047+02:00</time>
<extensions>
<gpxtpx:TrackPointExtension>
<gpxtpx:speed>0.4</gpxtpx:speed>
</gpxtpx:TrackPointExtension>
<opentracks:accuracy_horizontal>1.6</opentracks:accuracy_horizontal></extensions>
</trkpt>
<trkpt lat="42.912445" lon="1.83782">
<ele>618</ele>
<time>2026-09-17T19:06:49.026+02:00</time>
<extensions>
<gpxtpx:TrackPointExtension>
<gpxtpx:speed>0.68</gpxtpx:speed>
</gpxtpx:TrackPointExtension>
<opentracks:accuracy_horizontal>1.9</opentracks:accuracy_horizontal></extensions>
</trkpt>
<trkpt lat="42.912384" lon="1.837716">
<ele>615.7</ele>
<time>2026-09-17T19:06:57.054+02:00</time>
<extensions>
<gpxtpx:TrackPointExtension>
<gpxtpx:speed>1.12</gpxtpx:speed>
</gpxtpx:TrackPointExtension>
<opentracks:accuracy_horizontal>1.9</opentracks:accuracy_horizontal></extensions>
</trkpt>
<trkpt lat="42.912311" lon="1.837613">
<ele>618.4</ele>
<time>2026-09-17T19:07:05.043+02:00</time>
<extensions>
<gpxtpx:TrackPointExtension>
<gpxtpx:speed>1.17</gpxtpx:speed>
</gpxtpx:TrackPointExtension>
<opentracks:accuracy_horizontal>1.6</opentracks:accuracy_horizontal></extensions>
</trkpt>
<trkpt lat="42.912265" lon="1.837508">
<ele>621.2</ele>
<time>2026-09-17T19:07:12.064+02:00</time>
<extensions>
<gpxtpx:TrackPointExtension>
<gpxtpx:speed>1.09</gpxtpx:speed>
</gpxtpx:TrackPointExtension>
<opentracks:accuracy_horizontal>1.6</opentracks:accuracy_horizontal></extensions>
</trkpt>
<trkpt lat="42.912203" lon="1.837405">
<ele>623.2</ele>
<time>2026-09-17T19:07:20.046+02:00</time>
<extensions>
<gpxtpx:TrackPointExtension>
<gpxtpx:speed>0.96</gpxtpx:speed>
</gpxtpx:TrackPointExtension>
<opentracks:accuracy_horizontal>1.6</opentracks:accuracy_horizontal></extensions>
</trkpt>
<trkpt lat="42.912133" lon="1.837313">
<ele>623.6</ele>
<time>2026-09-17T19:07:29.048+02:00</time>
<extensions>
<gpxtpx:TrackPointExtension>
<gpxtpx:speed>0.8</gpxtpx:speed>
</gpxtpx:TrackPointExtension>
<opentracks:accuracy_horizontal>1.7</opentracks:accuracy_horizontal></extensions>
</trkpt>
<trkpt lat="42.912061" lon="1.837226">
<ele>623</ele>
<time>2026-09-17T19:07:36.087+02:00</time>
<extensions>
<gpxtpx:TrackPointExtension>
<gpxtpx:speed>1.01</gpxtpx:speed>
</gpxtpx:TrackPointExtension>
<opentracks:accuracy_horizontal>1.7</opentracks:accuracy_horizontal></extensions>
</trkpt>
<trkpt lat="42.912006" lon="1.837161">
<ele>622.1</ele>
<time>2026-09-17T19:07:46.061+02:00</time>
<extensions>
<gpxtpx:TrackPointExtension>
<gpxtpx:speed>0.52</gpxtpx:speed>
</gpxtpx:TrackPointExtension>
<opentracks:accuracy_horizontal>2.1</opentracks:accuracy_horizontal></extensions>
</trkpt>
<trkpt lat="42.911928" lon="1.837086">
<ele>621.1</ele>
<time>2026-09-17T19:07:53.057+02:00</time>
<extensions>
<gpxtpx:TrackPointExtension>
<gpxtpx:speed>0.7</gpxtpx:speed>
</gpxtpx:TrackPointExtension>
<opentracks:accuracy_horizontal>1.9</opentracks:accuracy_horizontal></extensions>
</trkpt>
<trkpt lat="42.91186" lon="1.836981">
<ele>619.1</ele>
<time>2026-09-17T19:08:01.049+02:00</time>
<extensions>
<gpxtpx:TrackPointExtension>
<gpxtpx:speed>0.87</gpxtpx:speed>
</gpxtpx:TrackPointExtension>
<opentracks:accuracy_horizontal>1.7</opentracks:accuracy_horizontal></extensions>
</trkpt>
<trkpt lat="42.911786" lon="1.836891">
<ele>618.6</ele>
<time>2026-09-17T19:08:08.054+02:00</time>
<extensions>
<gpxtpx:TrackPointExtension>
<gpxtpx:speed>1.13</gpxtpx:speed>
</gpxtpx:TrackPointExtension>
<opentracks:accuracy_horizontal>1.7</opentracks:accuracy_horizontal></extensions>
</trkpt>
<trkpt lat="42.911741" lon="1.836773">
<ele>618.6</ele>
<time>2026-09-17T19:08:17.038+02:00</time>
<extensions>
<gpxtpx:TrackPointExtension>
<gpxtpx:speed>0.84</gpxtpx:speed>
</gpxtpx:TrackPointExtension>
<opentracks:accuracy_horizontal>1.6</opentracks:accuracy_horizontal></extensions>
</trkpt>
<trkpt lat="42.91175" lon="1.83665">
<ele>618.9</ele>
<time>2026-09-17T19:08:25.039+02:00</time>
<extensions>
<gpxtpx:TrackPointExtension>
<gpxtpx:speed>0.83</gpxtpx:speed>
</gpxtpx:TrackPointExtension>
<opentracks:accuracy_horizontal>1.6</opentracks:accuracy_horizontal></extensions>
</trkpt>
<trkpt lat="42.91173" lon="1.836521">
<ele>619.3</ele>
<time>2026-09-17T19:08:33.036+02:00</time>
<extensions>
<gpxtpx:TrackPointExtension>
<gpxtpx:speed>0.88</gpxtpx:speed>
</gpxtpx:TrackPointExtension>
<opentracks:accuracy_horizontal>1.6</opentracks:accuracy_horizontal></extensions>
</trkpt>
<trkpt lat="42.911703" lon="1.836398">
<ele>619.9</ele>
<time>2026-09-17T19:08:40.039+02:00</time>
<extensions>
<gpxtpx:TrackPointExtension>
<gpxtpx:speed>1.08</gpxtpx:speed>
</gpxtpx:TrackPointExtension>
<opentracks:accuracy_horizontal>1.6</opentracks:accuracy_horizontal></extensions>
</trkpt>
<trkpt lat="42.911673" lon="1.836265">
<ele>621.3</ele>
<time>2026-09-17T19:08:48.051+02:00</time>
<extensions>
<gpxtpx:TrackPointExtension>
<gpxtpx:speed>1.02</gpxtpx:speed>
</gpxtpx:TrackPointExtension>
<opentracks:accuracy_horizontal>1.5</opentracks:accuracy_horizontal></extensions>
</trkpt>
<trkpt lat="42.911693" lon="1.83613">
<ele>621.1</ele>
<time>2026-09-17T19:08:56.066+02:00</time>
<extensions>
<gpxtpx:TrackPointExtension>
<gpxtpx:speed>0.98</gpxtpx:speed>
</gpxtpx:TrackPointExtension>
<opentracks:accuracy_horizontal>1.6</opentracks:accuracy_horizontal></extensions>
</trkpt>
<trkpt lat="42.911746" lon="1.836015">
<ele>621.7</ele>
<time>2026-09-17T19:09:04.045+02:00</time>
<extensions>
<gpxtpx:TrackPointExtension>
<gpxtpx:speed>1.05</gpxtpx:speed>
</gpxtpx:TrackPointExtension>
<opentracks:accuracy_horizontal>1.5</opentracks:accuracy_horizontal></extensions>
</trkpt>
<trkpt lat="42.911826" lon="1.835929">
<ele>622.2</ele>
<time>2026-09-17T19:09:13.055+02:00</time>
<extensions>
<gpxtpx:TrackPointExtension>
<gpxtpx:speed>1.05</gpxtpx:speed>
</gpxtpx:TrackPointExtension>
<opentracks:accuracy_horizontal>1.6</opentracks:accuracy_horizontal></extensions>
</trkpt>
<trkpt lat="42.911908" lon="1.835851">
<ele>623.4</ele>
<time>2026-09-17T19:09:22.042+02:00</time>
<extensions>
<gpxtpx:TrackPointExtension>
<gpxtpx:speed>1.01</gpxtpx:speed>
</gpxtpx:TrackPointExtension>
<opentracks:accuracy_horizontal>1.6</opentracks:accuracy_horizontal></extensions>
</trkpt>
<trkpt lat="42.911958" lon="1.835745">
<ele>622.8</ele>
<time>2026-09-17T19:09:30.039+02:00</time>
<extensions>
<gpxtpx:TrackPointExtension>
<gpxtpx:speed>1.06</gpxtpx:speed>
</gpxtpx:TrackPointExtension>
<opentracks:accuracy_horizontal>1.5</opentracks:accuracy_horizontal></extensions>
</trkpt>
<trkpt lat="42.911946" lon="1.835616">
<ele>621.3</ele>
<time>2026-09-17T19:09:38.039+02:00</time>
<extensions>
<gpxtpx:TrackPointExtension>
<gpxtpx:speed>1.11</gpxtpx:speed>
</gpxtpx:TrackPointExtension>
<opentracks:accuracy_horizontal>1.5</opentracks:accuracy_horizontal></extensions>
</trkpt>
<trkpt lat="42.911886" lon="1.835516">
<ele>620.8</ele>
<time>2026-09-17T19:09:46.042+02:00</time>
<extensions>
<gpxtpx:TrackPointExtension>
<gpxtpx:speed>1.07</gpxtpx:speed>
</gpxtpx:TrackPointExtension>
<opentracks:accuracy_horizontal>1.4</opentracks:accuracy_horizontal></extensions>
</trkpt>
<trkpt lat="42.911841" lon="1.835395">
<ele>621</ele>
<time>2026-09-17T19:09:55.033+02:00</time>
<extensions>
<gpxtpx:TrackPointExtension>
<gpxtpx:speed>1.15</gpxtpx:speed>
</gpxtpx:TrackPointExtension>
<opentracks:accuracy_horizontal>1.4</opentracks:accuracy_horizontal></extensions>
</trkpt>
<trkpt lat="42.911784" lon="1.83528">
<ele>621.2</ele>
<time>2026-09-17T19:10:04.04+02:00</time>
<extensions>
<gpxtpx:TrackPointExtension>
<gpxtpx:speed>0.97</gpxtpx:speed>
</gpxtpx:TrackPointExtension>
<opentracks:accuracy_horizontal>1.4</opentracks:accuracy_horizontal></extensions>
</trkpt>
<trkpt lat="42.911726" lon="1.835186">
<ele>621.6</ele>
<time>2026-09-17T19:10:11.063+02:00</time>
<extensions>
<gpxtpx:TrackPointExtension>
<gpxtpx:speed>1.09</gpxtpx:speed>
</gpxtpx:TrackPointExtension>
<opentracks:accuracy_horizontal>1.4</opentracks:accuracy_horizontal></extensions>
</trkpt>
<trkpt lat="42.911673" lon="1.835078">
<ele>622.6</ele>
<time>2026-09-17T19:10:20.042+02:00</time>
<extensions>
<gpxtpx:TrackPointExtension>
<gpxtpx:speed>0.87</gpxtpx:speed>
</gpxtpx:TrackPointExtension>
<opentracks:accuracy_horizontal>1.4</opentracks:accuracy_horizontal></extensions>
</trkpt>
<trkpt lat="42.911628" lon="1.834958">
<ele>623.6</ele>
<time>2026-09-17T19:10:29.053+02:00</time>
<extensions>
<gpxtpx:TrackPointExtension>
<gpxtpx:speed>0.94</gpxtpx:speed>
</gpxtpx:TrackPointExtension>
<opentracks:accuracy_horizontal>1.3</opentracks:accuracy_horizontal></extensions>
</trkpt>
<trkpt lat="42.911574" lon="1.834841">
<ele>624.8</ele>
<time>2026-09-17T19:10:38.045+02:00</time>
<extensions>
<gpxtpx:TrackPointExtension>
<gpxtpx:speed>1.18</gpxtpx:speed>
</gpxtpx:TrackPointExtension>
<opentracks:accuracy_horizontal>1.4</opentracks:accuracy_horizontal></extensions>
</trkpt>
<trkpt lat="42.911518" lon="1.83473">
<ele>626.4</ele>
<time>2026-09-17T19:10:48.044+02:00</time>
<extensions>
<gpxtpx:TrackPointExtension>
<gpxtpx:speed>0.93</gpxtpx:speed>
</gpxtpx:TrackPointExtension>
<opentracks:accuracy_horizontal>1.3</opentracks:accuracy_horizontal></extensions>
</trkpt>
<trkpt lat="42.911451" lon="1.834641">
<ele>626.1</ele>
<time>2026-09-17T19:10:58.06+02:00</time>
<extensions>
<gpxtpx:TrackPointExtension>
<gpxtpx:speed>0.83</gpxtpx:speed>
</gpxtpx:TrackPointExtension>
<opentracks:accuracy_horizontal>1.5</opentracks:accuracy_horizontal></extensions>
</trkpt>
<trkpt lat="42.911393" lon="1.834538">
<ele>625.4</ele>
<time>2026-09-17T19:11:07.044+02:00</time>
<extensions>
<gpxtpx:TrackPointExtension>
<gpxtpx:speed>0.81</gpxtpx:speed>
</gpxtpx:TrackPointExtension>
<opentracks:accuracy_horizontal>1.5</opentracks:accuracy_horizontal></extensions>
</trkpt>
<trkpt lat="42.911336" lon="1.834424">
<ele>626</ele>
<time>2026-09-17T19:11:15.055+02:00</time>
<extensions>
<gpxtpx:TrackPointExtension>
<gpxtpx:speed>0.99</gpxtpx:speed>
</gpxtpx:TrackPointExtension>
<opentracks:accuracy_horizontal>1.6</opentracks:accuracy_horizontal></extensions>
</trkpt>
<trkpt lat="42.911271" lon="1.834336">
<ele>626.7</ele>
<time>2026-09-17T19:11:24.053+02:00</time>
<extensions>
<gpxtpx:TrackPointExtension>
<gpxtpx:speed>0.83</gpxtpx:speed>
</gpxtpx:TrackPointExtension>
<opentracks:accuracy_horizontal>1.6</opentracks:accuracy_horizontal></extensions>
</trkpt>
<trkpt lat="42.911218" lon="1.834216">
<ele>626</ele>
<time>2026-09-17T19:11:32.039+02:00</time>
<extensions>
<gpxtpx:TrackPointExtension>
<gpxtpx:speed>1.06</gpxtpx:speed>
</gpxtpx:TrackPointExtension>
<opentracks:accuracy_horizontal>1.4</opentracks:accuracy_horizontal></extensions>
</trkpt>
<trkpt lat="42.911158" lon="1.834125">
<ele>626.6</ele>
<time>2026-09-17T19:11:39.053+02:00</time>
<extensions>
<gpxtpx:TrackPointExtension>
<gpxtpx:speed>1.19</gpxtpx:speed>
</gpxtpx:TrackPointExtension>
<opentracks:accuracy_horizontal>1.5</opentracks:accuracy_horizontal></extensions>
</trkpt>
<trkpt lat="42.911101" lon="1.834026">
<ele>628.1</ele>
<time>2026-09-17T19:11:47.037+02:00</time>
<extensions>
<gpxtpx:TrackPointExtension>
<gpxtpx:speed>1.03</gpxtpx:speed>
</gpxtpx:TrackPointExtension>
<opentracks:accuracy_horizontal>1.5</opentracks:accuracy_horizontal></extensions>
</trkpt>
<trkpt lat="42.91106" lon="1.833906">
<ele>628.3</ele>
<time>2026-09-17T19:11:55.061+02:00</time>
<extensions>
<gpxtpx:TrackPointExtension>
<gpxtpx:speed>1.09</gpxtpx:speed>
</gpxtpx:TrackPointExtension>
<opentracks:accuracy_horizontal>1.4</opentracks:accuracy_horizontal></extensions>
</trkpt>
<trkpt lat="42.911013" lon="1.833801">
<ele>628.5</ele>
<time>2026-09-17T19:12:03.054+02:00</time>
<extensions>
<gpxtpx:TrackPointExtension>
<gpxtpx:speed>1.23</gpxtpx:speed>
</gpxtpx:TrackPointExtension>
<opentracks:accuracy_horizontal>1.5</opentracks:accuracy_horizontal></extensions>
</trkpt>
<trkpt lat="42.910946" lon="1.833718">
<ele>628</ele>
<time>2026-09-17T19:12:11.046+02:00</time>
<extensions>
<gpxtpx:TrackPointExtension>
<gpxtpx:speed>1.09</gpxtpx:speed>
</gpxtpx:TrackPointExtension>
<opentracks:accuracy_horizontal>1.5</opentracks:accuracy_horizontal></extensions>
</trkpt>
<trkpt lat="42.910891" lon="1.83362">
<ele>629.9</ele>
<time>2026-09-17T19:12:19.045+02:00</time>
<extensions>
<gpxtpx:TrackPointExtension>
<gpxtpx:speed>1.06</gpxtpx:speed>
</gpxtpx:TrackPointExtension>
<opentracks:accuracy_horizontal>1.4</opentracks:accuracy_horizontal></extensions>
</trkpt>
<trkpt lat="42.910848" lon="1.833511">
<ele>630.6</ele>
<time>2026-09-17T19:12:28.069+02:00</time>
<extensions>
<gpxtpx:TrackPointExtension>
<gpxtpx:speed>1.11</gpxtpx:speed>
</gpxtpx:TrackPointExtension>
<opentracks:accuracy_horizontal>1.4</opentracks:accuracy_horizontal></extensions>
</trkpt>
<trkpt lat="42.910798" lon="1.833405">
<ele>630.1</ele>
<time>2026-09-17T19:12:36.034+02:00</time>
<extensions>
<gpxtpx:TrackPointExtension>
<gpxtpx:speed>1.21</gpxtpx:speed>
</gpxtpx:TrackPointExtension>
<opentracks:accuracy_horizontal>1.3</opentracks:accuracy_horizontal></extensions>
</trkpt>
<trkpt lat="42.910756" lon="1.833281">
<ele>628.9</ele>
<time>2026-09-17T19:12:45.051+02:00</time>
<extensions>
<gpxtpx:TrackPointExtension>
<gpxtpx:speed>1.19</gpxtpx:speed>
</gpxtpx:TrackPointExtension>
<opentracks:accuracy_horizontal>1.3</opentracks:accuracy_horizontal></extensions>
</trkpt>
<trkpt lat="42.91071" lon="1.833168">
<ele>628.1</ele>
<time>2026-09-17T19:12:53.05+02:00</time>
<extensions>
<gpxtpx:TrackPointExtension>
<gpxtpx:speed>1.2</gpxtpx:speed>
</gpxtpx:TrackPointExtension>
<opentracks:accuracy_horizontal>1.4</opentracks:accuracy_horizontal></extensions>
</trkpt>
<trkpt lat="42.910678" lon="1.833044">
<ele>627.8</ele>
<time>2026-09-17T19:13:01.048+02:00</time>
<extensions>
<gpxtpx:TrackPointExtension>
<gpxtpx:speed>1.19</gpxtpx:speed>
</gpxtpx:TrackPointExtension>
<opentracks:accuracy_horizontal>1.3</opentracks:accuracy_horizontal></extensions>
</trkpt>
<trkpt lat="42.910645" lon="1.832923">
<ele>626.2</ele>
<time>2026-09-17T19:13:09.051+02:00</time>
<extensions>
<gpxtpx:TrackPointExtension>
<gpxtpx:speed>1.19</gpxtpx:speed>
</gpxtpx:TrackPointExtension>
<opentracks:accuracy_horizontal>1.4</opentracks:accuracy_horizontal></extensions>
</trkpt>
<trkpt lat="42.910606" lon="1.832796">
<ele>625.1</ele>
<time>2026-09-17T19:13:18.065+02:00</time>
<extensions>
<gpxtpx:TrackPointExtension>
<gpxtpx:speed>1.23</gpxtpx:speed>
</gpxtpx:TrackPointExtension>
<opentracks:accuracy_horizontal>1.4</opentracks:accuracy_horizontal></extensions>
</trkpt>
<trkpt lat="42.910576" lon="1.83272">
<ele>625.2</ele>
<time>2026-09-17T19:13:28.038+02:00</time>
<extensions>
<gpxtpx:TrackPointExtension>
<gpxtpx:speed>0.79</gpxtpx:speed>
</gpxtpx:TrackPointExtension>
<opentracks:accuracy_horizontal>1.4</opentracks:accuracy_horizontal></extensions>
</trkpt>
<trkpt lat="42.91051" lon="1.832621">
<ele>627.4</ele>
<time>2026-09-17T19:13:43.053+02:00</time>
<extensions>
<gpxtpx:TrackPointExtension>
<gpxtpx:speed>0.78</gpxtpx:speed>
</gpxtpx:TrackPointExtension>
<opentracks:accuracy_horizontal>1.5</opentracks:accuracy_horizontal></extensions>
</trkpt>
<trkpt lat="42.910491" lon="1.832484">
<ele>627.2</ele>
<time>2026-09-17T19:13:53.047+02:00</time>
<extensions>
<gpxtpx:TrackPointExtension>
<gpxtpx:speed>1.03</gpxtpx:speed>
</gpxtpx:TrackPointExtension>
<opentracks:accuracy_horizontal>1.4</opentracks:accuracy_horizontal></extensions>
</trkpt>
<trkpt lat="42.910463" lon="1.832356">
<ele>626.9</ele>
<time>2026-09-17T19:14:02.056+02:00</time>
<extensions>
<gpxtpx:TrackPointExtension>
<gpxtpx:speed>1.08</gpxtpx:speed>
</gpxtpx:TrackPointExtension>
<opentracks:accuracy_horizontal>1.4</opentracks:accuracy_horizontal></extensions>
</trkpt>
<trkpt lat="42.910458" lon="1.832228">
<ele>626.9</ele>
<time>2026-09-17T19:14:11.057+02:00</time>
<extensions>
<gpxtpx:TrackPointExtension>
<gpxtpx:speed>1.06</gpxtpx:speed>
</gpxtpx:TrackPointExtension>
<opentracks:accuracy_horizontal>1.4</opentracks:accuracy_horizontal></extensions>
</trkpt>
<trkpt lat="42.91045" lon="1.832088">
<ele>627.1</ele>
<time>2026-09-17T19:14:18.048+02:00</time>
<extensions>
<gpxtpx:TrackPointExtension>
<gpxtpx:speed>1.22</gpxtpx:speed>
</gpxtpx:TrackPointExtension>
<opentracks:accuracy_horizontal>1.4</opentracks:accuracy_horizontal></extensions>
</trkpt>
<trkpt lat="42.910416" lon="1.831973">
<ele>627.6</ele>
<time>2026-09-17T19:14:26.056+02:00</time>
<extensions>
<gpxtpx:TrackPointExtension>
<gpxtpx:speed>1.12</gpxtpx:speed>
</gpxtpx:TrackPointExtension>
<opentracks:accuracy_horizontal>1.3</opentracks:accuracy_horizontal></extensions>
</trkpt>
<trkpt lat="42.910356" lon="1.831866">
<ele>627.8</ele>
<time>2026-09-17T19:14:34.062+02:00</time>
<extensions>
<gpxtpx:TrackPointExtension>
<gpxtpx:speed>1.21</gpxtpx:speed>
</gpxtpx:TrackPointExtension>
<opentracks:accuracy_horizontal>1.4</opentracks:accuracy_horizontal></extensions>
</trkpt>
<trkpt lat="42.910308" lon="1.831748">
<ele>627.3</ele>
<time>2026-09-17T19:14:42.061+02:00</time>
<extensions>
<gpxtpx:TrackPointExtension>
<gpxtpx:speed>1.2</gpxtpx:speed>
</gpxtpx:TrackPointExtension>
<opentracks:accuracy_horizontal>1.4</opentracks:accuracy_horizontal></extensions>
</trkpt>
<trkpt lat="42.910248" lon="1.831646">
<ele>628.9</ele>
<time>2026-09-17T19:14:49.052+02:00</time>
<extensions>
<gpxtpx:TrackPointExtension>
<gpxtpx:speed>1.22</gpxtpx:speed>
</gpxtpx:TrackPointExtension>
<opentracks:accuracy_horizontal>1.4</opentracks:accuracy_horizontal></extensions>
</trkpt>
<trkpt lat="42.910203" lon="1.831533">
<ele>630.4</ele>
<time>2026-09-17T19:14:56.052+02:00</time>
<extensions>
<gpxtpx:TrackPointExtension>
<gpxtpx:speed>1.21</gpxtpx:speed>
</gpxtpx:TrackPointExtension>
<opentracks:accuracy_horizontal>1.3</opentracks:accuracy_horizontal></extensions>
</trkpt>
<trkpt lat="42.91017" lon="1.831414">
<ele>627</ele>
<time>2026-09-17T19:15:04.049+02:00</time>
<extensions>
<gpxtpx:TrackPointExtension>
<gpxtpx:speed>1.24</gpxtpx:speed>
</gpxtpx:TrackPointExtension>
<opentracks:accuracy_horizontal>1.4</opentracks:accuracy_horizontal></extensions>
</trkpt>
<trkpt lat="42.910144" lon="1.831283">
<ele>627.6</ele>
<time>2026-09-17T19:15:13.055+02:00</time>
<extensions>
<gpxtpx:TrackPointExtension>
<gpxtpx:speed>1.27</gpxtpx:speed>
</gpxtpx:TrackPointExtension>
<opentracks:accuracy_horizontal>1.4</opentracks:accuracy_horizontal></extensions>
</trkpt>
<trkpt lat="42.910123" lon="1.831155">
<ele>628.5</ele>
<time>2026-09-17T19:15:21.051+02:00</time>
<extensions>
<gpxtpx:TrackPointExtension>
<gpxtpx:speed>1.26</gpxtpx:speed>
</gpxtpx:TrackPointExtension>
<opentracks:accuracy_horizontal>1.4</opentracks:accuracy_horizontal></extensions>
</trkpt>
<trkpt lat="42.910098" lon="1.831021">
<ele>628.4</ele>
<time>2026-09-17T19:15:30.06+02:00</time>
<extensions>
<gpxtpx:TrackPointExtension>
<gpxtpx:speed>1.25</gpxtpx:speed>
</gpxtpx:TrackPointExtension>
<opentracks:accuracy_horizontal>1.4</opentracks:accuracy_horizontal></extensions>
</trkpt>
<trkpt lat="42.910068" lon="1.830901">
<ele>628.8</ele>
<time>2026-09-17T19:15:38.047+02:00</time>
<extensions>
<gpxtpx:TrackPointExtension>
<gpxtpx:speed>1.33</gpxtpx:speed>
</gpxtpx:TrackPointExtension>
<opentracks:accuracy_horizontal>1.4</opentracks:accuracy_horizontal></extensions>
</trkpt>
<trkpt lat="42.910039" lon="1.830785">
<ele>629.7</ele>
<time>2026-09-17T19:15:46.051+02:00</time>
<extensions>
<gpxtpx:TrackPointExtension>
<gpxtpx:speed>1.27</gpxtpx:speed>
</gpxtpx:TrackPointExtension>
<opentracks:accuracy_horizontal>1.4</opentracks:accuracy_horizontal></extensions>
</trkpt>
<trkpt lat="42.909988" lon="1.830671">
<ele>630.1</ele>
<time>2026-09-17T19:15:55.055+02:00</time>
<extensions>
<gpxtpx:TrackPointExtension>
<gpxtpx:speed>1.21</gpxtpx:speed>
</gpxtpx:TrackPointExtension>
<opentracks:accuracy_horizontal>1.5</opentracks:accuracy_horizontal></extensions>
</trkpt>
<trkpt lat="42.909925" lon="1.830579">
<ele>629.5</ele>
<time>2026-09-17T19:16:04.04+02:00</time>
<extensions>
<gpxtpx:TrackPointExtension>
<gpxtpx:speed>1.01</gpxtpx:speed>
</gpxtpx:TrackPointExtension>
<opentracks:accuracy_horizontal>1.5</opentracks:accuracy_horizontal></extensions>
</trkpt>
<trkpt lat="42.909861" lon="1.830474">
<ele>628.9</ele>
<time>2026-09-17T19:16:13.05+02:00</time>
<extensions>
<gpxtpx:TrackPointExtension>
<gpxtpx:speed>1.14</gpxtpx:speed>
</gpxtpx:TrackPointExtension>
<opentracks:accuracy_horizontal>1.5</opentracks:accuracy_horizontal></extensions>
</trkpt>
<trkpt lat="42.909813" lon="1.830359">
<ele>627.1</ele>
<time>2026-09-17T19:16:22.046+02:00</time>
<extensions>
<gpxtpx:TrackPointExtension>
<gpxtpx:speed>1</gpxtpx:speed>
</gpxtpx:TrackPointExtension>
<opentracks:accuracy_horizontal>1.5</opentracks:accuracy_horizontal></extensions>
</trkpt>
<trkpt lat="42.909758" lon="1.830253">
<ele>625.1</ele>
<time>2026-09-17T19:16:30.044+02:00</time>
<extensions>
<gpxtpx:TrackPointExtension>
<gpxtpx:speed>1.1</gpxtpx:speed>
</gpxtpx:TrackPointExtension>
<opentracks:accuracy_horizontal>1.5</opentracks:accuracy_horizontal></extensions>
</trkpt>
<trkpt lat="42.909708" lon="1.83015">
<ele>625.7</ele>
<time>2026-09-17T19:16:37.07+02:00</time>
<extensions>
<gpxtpx:TrackPointExtension>
<gpxtpx:speed>1.22</gpxtpx:speed>
</gpxtpx:TrackPointExtension>
<opentracks:accuracy_horizontal>1.4</opentracks:accuracy_horizontal></extensions>
</trkpt>
<trkpt lat="42.909648" lon="1.830044">
<ele>626.1</ele>
<time>2026-09-17T19:16:46.05+02:00</time>
<extensions>
<gpxtpx:TrackPointExtension>
<gpxtpx:speed>1.2</gpxtpx:speed>
</gpxtpx:TrackPointExtension>
<opentracks:accuracy_horizontal>1.4</opentracks:accuracy_horizontal></extensions>
</trkpt>
<trkpt lat="42.909585" lon="1.82995">
<ele>626.9</ele>
<time>2026-09-17T19:16:54.04+02:00</time>
<extensions>
<gpxtpx:TrackPointExtension>
<gpxtpx:speed>1.21</gpxtpx:speed>
</gpxtpx:TrackPointExtension>
<opentracks:accuracy_horizontal>1.6</opentracks:accuracy_horizontal></extensions>
</trkpt>
<trkpt lat="42.90952" lon="1.829893">
<ele>626.3</ele>
<time>2026-09-17T19:17:03.059+02:00</time>
<extensions>
<gpxtpx:TrackPointExtension>
<gpxtpx:speed>1.05</gpxtpx:speed>
</gpxtpx:TrackPointExtension>
<opentracks:accuracy_horizontal>1.8</opentracks:accuracy_horizontal></extensions>
</trkpt>
<trkpt lat="42.909486" lon="1.829761">
<ele>627.6</ele>
<time>2026-09-17T19:17:09.053+02:00</time>
<extensions>
<gpxtpx:TrackPointExtension>
<gpxtpx:speed>1.34</gpxtpx:speed>
</gpxtpx:TrackPointExtension>
<opentracks:accuracy_horizontal>1.9</opentracks:accuracy_horizontal></extensions>
</trkpt>
<trkpt lat="42.909456" lon="1.829633">
<ele>629.1</ele>
<time>2026-09-17T19:17:15.077+02:00</time>
<extensions>
<gpxtpx:TrackPointExtension>
<gpxtpx:speed>1.52</gpxtpx:speed>
</gpxtpx:TrackPointExtension>
<opentracks:accuracy_horizontal>1.7</opentracks:accuracy_horizontal></extensions>
</trkpt>
<trkpt lat="42.90942" lon="1.829508">
<ele>630</ele>
<time>2026-09-17T19:17:21.064+02:00</time>
<extensions>
<gpxtpx:TrackPointExtension>
<gpxtpx:speed>1.46</gpxtpx:speed>
</gpxtpx:TrackPointExtension>
<opentracks:accuracy_horizontal>1.5</opentracks:accuracy_horizontal></extensions>
</trkpt>
<trkpt lat="42.909386" lon="1.829373">
<ele>632</ele>
<time>2026-09-17T19:17:28.067+02:00</time>
<extensions>
<gpxtpx:TrackPointExtension>
<gpxtpx:speed>1.4</gpxtpx:speed>
</gpxtpx:TrackPointExtension>
<opentracks:accuracy_horizontal>1.5</opentracks:accuracy_horizontal></extensions>
</trkpt>
<trkpt lat="42.909356" lon="1.829256">
<ele>632.3</ele>
<time>2026-09-17T19:17:35.063+02:00</time>
<extensions>
<gpxtpx:TrackPointExtension>
<gpxtpx:speed>1.09</gpxtpx:speed>
</gpxtpx:TrackPointExtension>
<opentracks:accuracy_horizontal>1.6</opentracks:accuracy_horizontal></extensions>
</trkpt>
<trkpt lat="42.909313" lon="1.829143">
<ele>631.7</ele>
<time>2026-09-17T19:17:43.057+02:00</time>
<extensions>
<gpxtpx:TrackPointExtension>
<gpxtpx:speed>0.67</gpxtpx:speed>
</gpxtpx:TrackPointExtension>
<opentracks:accuracy_horizontal>1.6</opentracks:accuracy_horizontal></extensions>
</trkpt>
<trkpt lat="42.909265" lon="1.829033">
<ele>630.6</ele>
<time>2026-09-17T19:17:50.031+02:00</time>
<extensions>
<gpxtpx:TrackPointExtension>
<gpxtpx:speed>1.13</gpxtpx:speed>
</gpxtpx:TrackPointExtension>
<opentracks:accuracy_horizontal>1.6</opentracks:accuracy_horizontal></extensions>
</trkpt>
<trkpt lat="42.909208" lon="1.828928">
<ele>630.1</ele>
<time>2026-09-17T19:17:57.047+02:00</time>
<extensions>
<gpxtpx:TrackPointExtension>
<gpxtpx:speed>1.22</gpxtpx:speed>
</gpxtpx:TrackPointExtension>
<opentracks:accuracy_horizontal>1.6</opentracks:accuracy_horizontal></extensions>
</trkpt>
<trkpt lat="42.909154" lon="1.828821">
<ele>632.3</ele>
<time>2026-09-17T19:18:06.159+02:00</time>
<extensions>
<gpxtpx:TrackPointExtension>
<gpxtpx:speed>0.87</gpxtpx:speed>
</gpxtpx:TrackPointExtension>
<opentracks:accuracy_horizontal>1.4</opentracks:accuracy_horizontal></extensions>
</trkpt>
<trkpt lat="42.9091" lon="1.828713">
<ele>631.2</ele>
<time>2026-09-17T19:18:14.065+02:00</time>
<extensions>
<gpxtpx:TrackPointExtension>
<gpxtpx:speed>0.92</gpxtpx:speed>
</gpxtpx:TrackPointExtension>
<opentracks:accuracy_horizontal>1.5</opentracks:accuracy_horizontal></extensions>
</trkpt>
<trkpt lat="42.909048" lon="1.828604">
<ele>631.8</ele>
<time>2026-09-17T19:18:21.043+02:00</time>
<extensions>
<gpxtpx:TrackPointExtension>
<gpxtpx:speed>0.95</gpxtpx:speed>
</gpxtpx:TrackPointExtension>
<opentracks:accuracy_horizontal>1.6</opentracks:accuracy_horizontal></extensions>
</trkpt>
<trkpt lat="42.908996" lon="1.828486">
<ele>632.7</ele>
<time>2026-09-17T19:18:29.051+02:00</time>
<extensions>
<gpxtpx:TrackPointExtension>
<gpxtpx:speed>1.18</gpxtpx:speed>
</gpxtpx:TrackPointExtension>
<opentracks:accuracy_horizontal>1.5</opentracks:accuracy_horizontal></extensions>
</trkpt>
<trkpt lat="42.908946" lon="1.82837">
<ele>634.3</ele>
<time>2026-09-17T19:18:37.037+02:00</time>
<extensions>
<gpxtpx:TrackPointExtension>
<gpxtpx:speed>1.28</gpxtpx:speed>
</gpxtpx:TrackPointExtension>
<opentracks:accuracy_horizontal>1.4</opentracks:accuracy_horizontal></extensions>
</trkpt>
<trkpt lat="42.908871" lon="1.828291">
<ele>635.1</ele>
<time>2026-09-17T19:18:44.048+02:00</time>
<extensions>
<gpxtpx:TrackPointExtension>
<gpxtpx:speed>1.22</gpxtpx:speed>
</gpxtpx:TrackPointExtension>
<opentracks:accuracy_horizontal>1.5</opentracks:accuracy_horizontal></extensions>
</trkpt>
<trkpt lat="42.908781" lon="1.828265">
<ele>635.7</ele>
<time>2026-09-17T19:18:52.052+02:00</time>
<extensions>
<gpxtpx:TrackPointExtension>
<gpxtpx:speed>1.25</gpxtpx:speed>
</gpxtpx:TrackPointExtension>
<opentracks:accuracy_horizontal>1.5</opentracks:accuracy_horizontal></extensions>
</trkpt>
<trkpt lat="42.908676" lon="1.828256">
<ele>635.1</ele>
<time>2026-09-17T19:19:00.053+02:00</time>
<extensions>
<gpxtpx:TrackPointExtension>
<gpxtpx:speed>1.13</gpxtpx:speed>
</gpxtpx:TrackPointExtension>
<opentracks:accuracy_horizontal>1.4</opentracks:accuracy_horizontal></extensions>
</trkpt>
<trkpt lat="42.908588" lon="1.82823">
<ele>635.8</ele>
<time>2026-09-17T19:19:09.056+02:00</time>
<extensions>
<gpxtpx:TrackPointExtension>
<gpxtpx:speed>0.87</gpxtpx:speed>
</gpxtpx:TrackPointExtension>
<opentracks:accuracy_horizontal>1.5</opentracks:accuracy_horizontal></extensions>
</trkpt>
<trkpt lat="42.908491" lon="1.828204">
<ele>636.5</ele>
<time>2026-09-17T19:19:17.06+02:00</time>
<extensions>
<gpxtpx:TrackPointExtension>
<gpxtpx:speed>1.06</gpxtpx:speed>
</gpxtpx:TrackPointExtension>
<opentracks:accuracy_horizontal>1.7</opentracks:accuracy_horizontal></extensions>
</trkpt>
<trkpt lat="42.908408" lon="1.828143">
<ele>635.1</ele>
<time>2026-09-17T19:19:26.058+02:00</time>
<extensions>
<gpxtpx:TrackPointExtension>
<gpxtpx:speed>0.9</gpxtpx:speed>
</gpxtpx:TrackPointExtension>
<opentracks:accuracy_horizontal>1.6</opentracks:accuracy_horizontal></extensions>
</trkpt>
<trkpt lat="42.908339" lon="1.828061">
<ele>634.5</ele>
<time>2026-09-17T19:19:34.057+02:00</time>
<extensions>
<gpxtpx:TrackPointExtension>
<gpxtpx:speed>0.88</gpxtpx:speed>
</gpxtpx:TrackPointExtension>
<opentracks:accuracy_horizontal>1.6</opentracks:accuracy_horizontal></extensions>
</trkpt>
<trkpt lat="42.908261" lon="1.827975">
<ele>633.6</ele>
<time>2026-09-17T19:19:43.041+02:00</time>
<extensions>
<gpxtpx:TrackPointExtension>
<gpxtpx:speed>1.08</gpxtpx:speed>
</gpxtpx:TrackPointExtension>
<opentracks:accuracy_horizontal>1.5</opentracks:accuracy_horizontal></extensions>
</trkpt>
<trkpt lat="42.908186" lon="1.827888">
<ele>634.5</ele>
<time>2026-09-17T19:19:51.053+02:00</time>
<extensions>
<gpxtpx:TrackPointExtension>
<gpxtpx:speed>1.13</gpxtpx:speed>
</gpxtpx:TrackPointExtension>
<opentracks:accuracy_horizontal>1.4</opentracks:accuracy_horizontal></extensions>
</trkpt>
<trkpt lat="42.908118" lon="1.827803">
<ele>637</ele>
<time>2026-09-17T19:19:59.059+02:00</time>
<extensions>
<gpxtpx:TrackPointExtension>
<gpxtpx:speed>1.15</gpxtpx:speed>
</gpxtpx:TrackPointExtension>
<opentracks:accuracy_horizontal>1.4</opentracks:accuracy_horizontal></extensions>
</trkpt>
<trkpt lat="42.90814" lon="1.82768">
<ele>639</ele>
<time>2026-09-17T19:20:08.054+02:00</time>
<extensions>
<gpxtpx:TrackPointExtension>
<gpxtpx:speed>1.12</gpxtpx:speed>
</gpxtpx:TrackPointExtension>
<opentracks:accuracy_horizontal>1.3</opentracks:accuracy_horizontal></extensions>
</trkpt>
<trkpt lat="42.90817" lon="1.827548">
<ele>639.7</ele>
<time>2026-09-17T19:20:17.039+02:00</time>
<extensions>
<gpxtpx:TrackPointExtension>
<gpxtpx:speed>1.13</gpxtpx:speed>
</gpxtpx:TrackPointExtension>
<opentracks:accuracy_horizontal>1.3</opentracks:accuracy_horizontal></extensions>
</trkpt>
<trkpt lat="42.908208" lon="1.827428">
<ele>640.3</ele>
<time>2026-09-17T19:20:26.052+02:00</time>
<extensions>
<gpxtpx:TrackPointExtension>
<gpxtpx:speed>1.09</gpxtpx:speed>
</gpxtpx:TrackPointExtension>
<opentracks:accuracy_horizontal>1.3</opentracks:accuracy_horizontal></extensions>
</trkpt>
<trkpt lat="42.908211" lon="1.827303">
<ele>638.3</ele>
<time>2026-09-17T19:20:34.039+02:00</time>
<extensions>
<gpxtpx:TrackPointExtension>
<gpxtpx:speed>1.06</gpxtpx:speed>
</gpxtpx:TrackPointExtension>
<opentracks:accuracy_horizontal>1.4</opentracks:accuracy_horizontal></extensions>
</trkpt>
<trkpt lat="42.908166" lon="1.82719">
<ele>637.2</ele>
<time>2026-09-17T19:20:41.059+02:00</time>
<extensions>
<gpxtpx:TrackPointExtension>
<gpxtpx:speed>1.27</gpxtpx:speed>
</gpxtpx:TrackPointExtension>
<opentracks:accuracy_horizontal>1.3</opentracks:accuracy_horizontal></extensions>
</trkpt>
<trkpt lat="42.908095" lon="1.827113">
<ele>639.4</ele>
<time>2026-09-17T19:20:49.039+02:00</time>
<extensions>
<gpxtpx:TrackPointExtension>
<gpxtpx:speed>1.19</gpxtpx:speed>
</gpxtpx:TrackPointExtension>
<opentracks:accuracy_horizontal>1.3</opentracks:accuracy_horizontal></extensions>
</trkpt>
<trkpt lat="42.908026" lon="1.827033">
<ele>641.6</ele>
<time>2026-09-17T19:20:57.052+02:00</time>
<extensions>
<gpxtpx:TrackPointExtension>
<gpxtpx:speed>1.21</gpxtpx:speed>
</gpxtpx:TrackPointExtension>
<opentracks:accuracy_horizontal>1.4</opentracks:accuracy_horizontal></extensions>
</trkpt>
<trkpt lat="42.90796" lon="1.826943">
<ele>644.9</ele>
<time>2026-09-17T19:21:06.049+02:00</time>
<extensions>
<gpxtpx:TrackPointExtension>
<gpxtpx:speed>1.18</gpxtpx:speed>
</gpxtpx:TrackPointExtension>
<opentracks:accuracy_horizontal>1.4</opentracks:accuracy_horizontal></extensions>
</trkpt>
<trkpt lat="42.907889" lon="1.826855">
<ele>646.9</ele>
<time>2026-09-17T19:21:14.035+02:00</time>
<extensions>
<gpxtpx:TrackPointExtension>
<gpxtpx:speed>1.09</gpxtpx:speed>
</gpxtpx:TrackPointExtension>
<opentracks:accuracy_horizontal>1.4</opentracks:accuracy_horizontal></extensions>
</trkpt>
<trkpt lat="42.907798" lon="1.826834">
<ele>648.7</ele>
<time>2026-09-17T19:21:23.044+02:00</time>
<extensions>
<gpxtpx:TrackPointExtension>
<gpxtpx:speed>1.16</gpxtpx:speed>
</gpxtpx:TrackPointExtension>
<opentracks:accuracy_horizontal>1.4</opentracks:accuracy_horizontal></extensions>
</trkpt>
<trkpt lat="42.907701" lon="1.826836">
<ele>648.1</ele>
<time>2026-09-17T19:21:31.045+02:00</time>
<extensions>
<gpxtpx:TrackPointExtension>
<gpxtpx:speed>1.24</gpxtpx:speed>
</gpxtpx:TrackPointExtension>
<opentracks:accuracy_horizontal>1.4</opentracks:accuracy_horizontal></extensions>
</trkpt>
<trkpt lat="42.907603" lon="1.826828">
<ele>646.8</ele>
<time>2026-09-17T19:21:40.057+02:00</time>
<extensions>
<gpxtpx:TrackPointExtension>
<gpxtpx:speed>1.18</gpxtpx:speed>
</gpxtpx:TrackPointExtension>
<opentracks:accuracy_horizontal>1.4</opentracks:accuracy_horizontal></extensions>
</trkpt>
<trkpt lat="42.90751" lon="1.826819">
<ele>647.6</ele>
<time>2026-09-17T19:21:48.048+02:00</time>
<extensions>
<gpxtpx:TrackPointExtension>
<gpxtpx:speed>1.15</gpxtpx:speed>
</gpxtpx:TrackPointExtension>
<opentracks:accuracy_horizontal>1.5</opentracks:accuracy_horizontal></extensions>
</trkpt>
<trkpt lat="42.90742" lon="1.82681">
<ele>647.2</ele>
<time>2026-09-17T19:21:56.038+02:00</time>
<extensions>
<gpxtpx:TrackPointExtension>
<gpxtpx:speed>1.14</gpxtpx:speed>
</gpxtpx:TrackPointExtension>
<opentracks:accuracy_horizontal>1.6</opentracks:accuracy_horizontal></extensions>
</trkpt>
<trkpt lat="42.907326" lon="1.826783">
<ele>647.5</ele>
<time>2026-09-17T19:22:04.049+02:00</time>
<extensions>
<gpxtpx:TrackPointExtension>
<gpxtpx:speed>1.18</gpxtpx:speed>
</gpxtpx:TrackPointExtension>
<opentracks:accuracy_horizontal>1.5</opentracks:accuracy_horizontal></extensions>
</trkpt>
<trkpt lat="42.907228" lon="1.826765">
<ele>647.9</ele>
<time>2026-09-17T19:22:13.041+02:00</time>
<extensions>
<gpxtpx:TrackPointExtension>
<gpxtpx:speed>1.12</gpxtpx:speed>
</gpxtpx:TrackPointExtension>
<opentracks:accuracy_horizontal>1.5</opentracks:accuracy_horizontal></extensions>
</trkpt>
<trkpt lat="42.907131" lon="1.826745">
<ele>650.6</ele>
<time>2026-09-17T19:22:21.047+02:00</time>
<extensions>
<gpxtpx:TrackPointExtension>
<gpxtpx:speed>1.18</gpxtpx:speed>
</gpxtpx:TrackPointExtension>
<opentracks:accuracy_horizontal>1.5</opentracks:accuracy_horizontal></extensions>
</trkpt>
<trkpt lat="42.90707" lon="1.826633">
<ele>653.5</ele>
<time>2026-09-17T19:22:31.033+02:00</time>
<extensions>
<gpxtpx:TrackPointExtension>
<gpxtpx:speed>1.3</gpxtpx:speed>
</gpxtpx:TrackPointExtension>
<opentracks:accuracy_horizontal>1.7</opentracks:accuracy_horizontal></extensions>
</trkpt>
<trkpt lat="42.907109" lon="1.826513">
<ele>654.9</ele>
<time>2026-09-17T19:22:38.06+02:00</time>
<extensions>
<gpxtpx:TrackPointExtension>
<gpxtpx:speed>1.62</gpxtpx:speed>
</gpxtpx:TrackPointExtension>
<opentracks:accuracy_horizontal>1.5</opentracks:accuracy_horizontal></extensions>
</trkpt>
<trkpt lat="42.90716" lon="1.826409">
<ele>654.8</ele>
<time>2026-09-17T19:22:45.046+02:00</time>
<extensions>
<gpxtpx:TrackPointExtension>
<gpxtpx:speed>1.13</gpxtpx:speed>
</gpxtpx:TrackPointExtension>
<opentracks:accuracy_horizontal>1.5</opentracks:accuracy_horizontal></extensions>
</trkpt>
<trkpt lat="42.907221" lon="1.826318">
<ele>654</ele>
<time>2026-09-17T19:22:53.063+02:00</time>
<extensions>
<gpxtpx:TrackPointExtension>
<gpxtpx:speed>1.21</gpxtpx:speed>
</gpxtpx:TrackPointExtension>
<opentracks:accuracy_horizontal>1.6</opentracks:accuracy_horizontal></extensions>
</trkpt>
<trkpt lat="42.907298" lon="1.826228">
<ele>652.4</ele>
<time>2026-09-17T19:23:01.025+02:00</time>
<extensions>
<gpxtpx:TrackPointExtension>
<gpxtpx:speed>1.2</gpxtpx:speed>
</gpxtpx:TrackPointExtension>
<opentracks:accuracy_horizontal>1.6</opentracks:accuracy_horizontal></extensions>
</trkpt>
<trkpt lat="42.907358" lon="1.826121">
<ele>651.4</ele>
<time>2026-09-17T19:23:09.026+02:00</time>
<extensions>
<gpxtpx:TrackPointExtension>
<gpxtpx:speed>1.34</gpxtpx:speed>
</gpxtpx:TrackPointExtension>
<opentracks:accuracy_horizontal>1.5</opentracks:accuracy_horizontal></extensions>
</trkpt>
<trkpt lat="42.907396" lon="1.826003">
<ele>654.1</ele>
<time>2026-09-17T19:23:16.043+02:00</time>
<extensions>
<gpxtpx:TrackPointExtension>
<gpxtpx:speed>1.24</gpxtpx:speed>
</gpxtpx:TrackPointExtension>
<opentracks:accuracy_horizontal>1.7</opentracks:accuracy_horizontal></extensions>
</trkpt>
<trkpt lat="42.907401" lon="1.825873">
<ele>655.7</ele>
<time>2026-09-17T19:23:23.052+02:00</time>
<extensions>
<gpxtpx:TrackPointExtension>
<gpxtpx:speed>1.4</gpxtpx:speed>
</gpxtpx:TrackPointExtension>
<opentracks:accuracy_horizontal>1.6</opentracks:accuracy_horizontal></extensions>
</trkpt>
<trkpt lat="42.907406" lon="1.825736">
<ele>656</ele>
<time>2026-09-17T19:23:30.053+02:00</time>
<extensions>
<gpxtpx:TrackPointExtension>
<gpxtpx:speed>1.55</gpxtpx:speed>
</gpxtpx:TrackPointExtension>
<opentracks:accuracy_horizontal>1.5</opentracks:accuracy_horizontal></extensions>
</trkpt>
<trkpt lat="42.907408" lon="1.825609">
<ele>654.6</ele>
<time>2026-09-17T19:23:38.029+02:00</time>
<extensions>
<gpxtpx:TrackPointExtension>
<gpxtpx:speed>1.54</gpxtpx:speed>
</gpxtpx:TrackPointExtension>
<opentracks:accuracy_horizontal>1.6</opentracks:accuracy_horizontal></extensions>
</trkpt>
<trkpt lat="42.907398" lon="1.825471">
<ele>653.4</ele>
<time>2026-09-17T19:23:46.082+02:00</time>
<extensions>
<gpxtpx:TrackPointExtension>
<gpxtpx:speed>1.03</gpxtpx:speed>
</gpxtpx:TrackPointExtension>
<opentracks:accuracy_horizontal>1.7</opentracks:accuracy_horizontal></extensions>
</trkpt>
<trkpt lat="42.907394" lon="1.825333">
<ele>651.9</ele>
<time>2026-09-17T19:23:53.038+02:00</time>
<extensions>
<gpxtpx:TrackPointExtension>
<gpxtpx:speed>1.75</gpxtpx:speed>
</gpxtpx:TrackPointExtension>
<opentracks:accuracy_horizontal>1.7</opentracks:accuracy_horizontal></extensions>
</trkpt>
<trkpt lat="42.907356" lon="1.825205">
<ele>649.8</ele>
<time>2026-09-17T19:24:03.036+02:00</time>
<extensions>
<gpxtpx:TrackPointExtension>
<gpxtpx:speed>1.13</gpxtpx:speed>
</gpxtpx:TrackPointExtension>
<opentracks:accuracy_horizontal>1.6</opentracks:accuracy_horizontal></extensions>
</trkpt>
<trkpt lat="42.907338" lon="1.825073">
<ele>650.2</ele>
<time>2026-09-17T19:24:11.045+02:00</time>
<extensions>
<gpxtpx:TrackPointExtension>
<gpxtpx:speed>0.84</gpxtpx:speed>
</gpxtpx:TrackPointExtension>
<opentracks:accuracy_horizontal>1.5</opentracks:accuracy_horizontal></extensions>
</trkpt>
<trkpt lat="42.90731" lon="1.82495">
<ele>648.9</ele>
<time>2026-09-17T19:24:20.044+02:00</time>
<extensions>
<gpxtpx:TrackPointExtension>
<gpxtpx:speed>0.62</gpxtpx:speed>
</gpxtpx:TrackPointExtension>
<opentracks:accuracy_horizontal>1.8</opentracks:accuracy_horizontal></extensions>
</trkpt>
<trkpt lat="42.907326" lon="1.824825">
<ele>648.1</ele>
<time>2026-09-17T19:24:26.04+02:00</time>
<extensions>
<gpxtpx:TrackPointExtension>
<gpxtpx:speed>0.59</gpxtpx:speed>
</gpxtpx:TrackPointExtension>
<opentracks:accuracy_horizontal>1.7</opentracks:accuracy_horizontal></extensions>
</trkpt>
<trkpt lat="42.907313" lon="1.824679">
<ele>647.1</ele>
<time>2026-09-17T19:24:35.031+02:00</time>
<extensions>
<gpxtpx:TrackPointExtension>
<gpxtpx:speed>0.46</gpxtpx:speed>
</gpxtpx:TrackPointExtension>
<opentracks:accuracy_horizontal>1.7</opentracks:accuracy_horizontal></extensions>
</trkpt>
<trkpt lat="42.907348" lon="1.824578">
<ele>646.5</ele>
<time>2026-09-17T19:24:44.038+02:00</time>
<extensions>
<gpxtpx:TrackPointExtension>
<gpxtpx:speed>0.26</gpxtpx:speed>
</gpxtpx:TrackPointExtension>
<opentracks:accuracy_horizontal>1.7</opentracks:accuracy_horizontal></extensions>
</trkpt>
<trkpt lat="42.907363" lon="1.824453">
<ele>646.3</ele>
<time>2026-09-17T19:24:52.043+02:00</time>
<extensions>
<gpxtpx:TrackPointExtension>
<gpxtpx:speed>0.52</gpxtpx:speed>
</gpxtpx:TrackPointExtension>
<opentracks:accuracy_horizontal>1.7</opentracks:accuracy_horizontal></extensions>
</trkpt>
<trkpt lat="42.907365" lon="1.824318">
<ele>645.6</ele>
<time>2026-09-17T19:25:00.041+02:00</time>
<extensions>
<gpxtpx:TrackPointExtension>
<gpxtpx:speed>0.49</gpxtpx:speed>
</gpxtpx:TrackPointExtension>
<opentracks:accuracy_horizontal>1.7</opentracks:accuracy_horizontal></extensions>
</trkpt>
<trkpt lat="42.907388" lon="1.82419">
<ele>644.7</ele>
<time>2026-09-17T19:25:07.041+02:00</time>
<extensions>
<gpxtpx:TrackPointExtension>
<gpxtpx:speed>0.61</gpxtpx:speed>
</gpxtpx:TrackPointExtension>
<opentracks:accuracy_horizontal>1.8</opentracks:accuracy_horizontal></extensions>
</trkpt>
<trkpt lat="42.907376" lon="1.824068">
<ele>643.3</ele>
<time>2026-09-17T19:25:14.062+02:00</time>
<extensions>
<gpxtpx:TrackPointExtension>
<gpxtpx:speed>0.73</gpxtpx:speed>
</gpxtpx:TrackPointExtension>
<opentracks:accuracy_horizontal>1.6</opentracks:accuracy_horizontal></extensions>
</trkpt>
<trkpt lat="42.907336" lon="1.823931">
<ele>643</ele>
<time>2026-09-17T19:25:20.062+02:00</time>
<extensions>
<gpxtpx:TrackPointExtension>
<gpxtpx:speed>1.15</gpxtpx:speed>
</gpxtpx:TrackPointExtension>
<opentracks:accuracy_horizontal>1.5</opentracks:accuracy_horizontal></extensions>
</trkpt>
<trkpt lat="42.90732" lon="1.823808">
<ele>644.6</ele>
<time>2026-09-17T19:25:25.084+02:00</time>
<extensions>
<gpxtpx:TrackPointExtension>
<gpxtpx:speed>1.47</gpxtpx:speed>
</gpxtpx:TrackPointExtension>
<opentracks:accuracy_horizontal>1.7</opentracks:accuracy_horizontal></extensions>
</trkpt>
<trkpt lat="42.907281" lon="1.823681">
<ele>644.7</ele>
<time>2026-09-17T19:25:32.059+02:00</time>
<extensions>
<gpxtpx:TrackPointExtension>
<gpxtpx:speed>1.34</gpxtpx:speed>
</gpxtpx:TrackPointExtension>
<opentracks:accuracy_horizontal>1.6</opentracks:accuracy_horizontal></extensions>
</trkpt>
<trkpt lat="42.90723" lon="1.823565">
<ele>647.6</ele>
<time>2026-09-17T19:25:40.033+02:00</time>
<extensions>
<gpxtpx:TrackPointExtension>
<gpxtpx:speed>1.3</gpxtpx:speed>
</gpxtpx:TrackPointExtension>
<opentracks:accuracy_horizontal>1.4</opentracks:accuracy_horizontal></extensions>
</trkpt>
<trkpt lat="42.907199" lon="1.823438">
<ele>649.1</ele>
<time>2026-09-17T19:25:47.064+02:00</time>
<extensions>
<gpxtpx:TrackPointExtension>
<gpxtpx:speed>1.37</gpxtpx:speed>
</gpxtpx:TrackPointExtension>
<opentracks:accuracy_horizontal>1.4</opentracks:accuracy_horizontal></extensions>
</trkpt>
<trkpt lat="42.907158" lon="1.823311">
<ele>648.7</ele>
<time>2026-09-17T19:25:55.043+02:00</time>
<extensions>
<gpxtpx:TrackPointExtension>
<gpxtpx:speed>1.31</gpxtpx:speed>
</gpxtpx:TrackPointExtension>
<opentracks:accuracy_horizontal>1.4</opentracks:accuracy_horizontal></extensions>
</trkpt>
<trkpt lat="42.907109" lon="1.823194">
<ele>648.4</ele>
<time>2026-09-17T19:26:03.043+02:00</time>
<extensions>
<gpxtpx:TrackPointExtension>
<gpxtpx:speed>1.23</gpxtpx:speed>
</gpxtpx:TrackPointExtension>
<opentracks:accuracy_horizontal>1.8</opentracks:accuracy_horizontal></extensions>
</trkpt>
<trkpt lat="42.90707" lon="1.823078">
<ele>650.1</ele>
<time>2026-09-17T19:26:11.045+02:00</time>
<extensions>
<gpxtpx:TrackPointExtension>
<gpxtpx:speed>1.32</gpxtpx:speed>
</gpxtpx:TrackPointExtension>
<opentracks:accuracy_horizontal>1.5</opentracks:accuracy_horizontal></extensions>
</trkpt>
<trkpt lat="42.907078" lon="1.823071">
<ele>650.3</ele>
<time>2026-09-17T19:26:21.038+02:00</time>
<extensions>
<gpxtpx:TrackPointExtension>
<gpxtpx:speed>0.76</gpxtpx:speed>
</gpxtpx:TrackPointExtension>
<opentracks:accuracy_horizontal>1.3</opentracks:accuracy_horizontal></extensions>
</trkpt>
<trkpt lat="42.907101" lon="1.8232">
<ele>650.7</ele>
<time>2026-09-17T19:26:29.066+02:00</time>
<extensions>
<gpxtpx:TrackPointExtension>
<gpxtpx:speed>1.23</gpxtpx:speed>
</gpxtpx:TrackPointExtension>
<opentracks:accuracy_horizontal>1.4</opentracks:accuracy_horizontal></extensions>
</trkpt>
<trkpt lat="42.907131" lon="1.823316">
<ele>648.1</ele>
<time>2026-09-17T19:26:37.048+02:00</time>
<extensions>
<gpxtpx:TrackPointExtension>
<gpxtpx:speed>1.3</gpxtpx:speed>
</gpxtpx:TrackPointExtension>
<opentracks:accuracy_horizontal>1.7</opentracks:accuracy_horizontal></extensions>
</trkpt>
<trkpt lat="42.907178" lon="1.823424">
<ele>648.9</ele>
<time>2026-09-17T19:26:44.052+02:00</time>
<extensions>
<gpxtpx:TrackPointExtension>
<gpxtpx:speed>1.31</gpxtpx:speed>
</gpxtpx:TrackPointExtension>
<opentracks:accuracy_horizontal>1.5</opentracks:accuracy_horizontal></extensions>
</trkpt>
<trkpt lat="42.907213" lon="1.823556">
<ele>647.8</ele>
<time>2026-09-17T19:26:52.046+02:00</time>
<extensions>
<gpxtpx:TrackPointExtension>
<gpxtpx:speed>1.3</gpxtpx:speed>
</gpxtpx:TrackPointExtension>
<opentracks:accuracy_horizontal>1.4</opentracks:accuracy_horizontal></extensions>
</trkpt>
<trkpt lat="42.907255" lon="1.823678">
<ele>646.5</ele>
<time>2026-09-17T19:26:59.067+02:00</time>
<extensions>
<gpxtpx:TrackPointExtension>
<gpxtpx:speed>1.23</gpxtpx:speed>
</gpxtpx:TrackPointExtension>
<opentracks:accuracy_horizontal>1.8</opentracks:accuracy_horizontal></extensions>
</trkpt>
<trkpt lat="42.907295" lon="1.823808">
<ele>648</ele>
<time>2026-09-17T19:27:06.06+02:00</time>
<extensions>
<gpxtpx:TrackPointExtension>
<gpxtpx:speed>1.21</gpxtpx:speed>
</gpxtpx:TrackPointExtension>
<opentracks:accuracy_horizontal>1.9</opentracks:accuracy_horizontal></extensions>
</trkpt>
<trkpt lat="42.907308" lon="1.82393">
<ele>647.1</ele>
<time>2026-09-17T19:27:12.062+02:00</time>
<extensions>
<gpxtpx:TrackPointExtension>
<gpxtpx:speed>1.42</gpxtpx:speed>
</gpxtpx:TrackPointExtension>
<opentracks:accuracy_horizontal>1.9</opentracks:accuracy_horizontal></extensions>
</trkpt>
<trkpt lat="42.907316" lon="1.824061">
<ele>646.4</ele>
<time>2026-09-17T19:27:22.057+02:00</time>
<extensions>
<gpxtpx:TrackPointExtension>
<gpxtpx:speed>0.79</gpxtpx:speed>
</gpxtpx:TrackPointExtension>
<opentracks:accuracy_horizontal>1.8</opentracks:accuracy_horizontal></extensions>
</trkpt>
<trkpt lat="42.907325" lon="1.824186">
<ele>645.9</ele>
<time>2026-09-17T19:27:29.058+02:00</time>
<extensions>
<gpxtpx:TrackPointExtension>
<gpxtpx:speed>0.91</gpxtpx:speed>
</gpxtpx:TrackPointExtension>
<opentracks:accuracy_horizontal>1.8</opentracks:accuracy_horizontal></extensions>
</trkpt>
<trkpt lat="42.907318" lon="1.824316">
<ele>646.5</ele>
<time>2026-09-17T19:27:37.07+02:00</time>
<extensions>
<gpxtpx:TrackPointExtension>
<gpxtpx:speed>1.13</gpxtpx:speed>
</gpxtpx:TrackPointExtension>
<opentracks:accuracy_horizontal>1.6</opentracks:accuracy_horizontal></extensions>
</trkpt>
<trkpt lat="42.907308" lon="1.82446">
<ele>647.6</ele>
<time>2026-09-17T19:27:45.056+02:00</time>
<extensions>
<gpxtpx:TrackPointExtension>
<gpxtpx:speed>1.15</gpxtpx:speed>
</gpxtpx:TrackPointExtension>
<opentracks:accuracy_horizontal>1.7</opentracks:accuracy_horizontal></extensions>
</trkpt>
<trkpt lat="42.907303" lon="1.824585">
<ele>648.9</ele>
<time>2026-09-17T19:27:53.061+02:00</time>
<extensions>
<gpxtpx:TrackPointExtension>
<gpxtpx:speed>1.23</gpxtpx:speed>
</gpxtpx:TrackPointExtension>
<opentracks:accuracy_horizontal>1.8</opentracks:accuracy_horizontal></extensions>
</trkpt>
<trkpt lat="42.907306" lon="1.824709">
<ele>649.2</ele>
<time>2026-09-17T19:27:59.065+02:00</time>
<extensions>
<gpxtpx:TrackPointExtension>
<gpxtpx:speed>1.24</gpxtpx:speed>
</gpxtpx:TrackPointExtension>
<opentracks:accuracy_horizontal>1.7</opentracks:accuracy_horizontal></extensions>
</trkpt>
<trkpt lat="42.907308" lon="1.824836">
<ele>649.9</ele>
<time>2026-09-17T19:28:05.055+02:00</time>
<extensions>
<gpxtpx:TrackPointExtension>
<gpxtpx:speed>1.47</gpxtpx:speed>
</gpxtpx:TrackPointExtension>
<opentracks:accuracy_horizontal>1.7</opentracks:accuracy_horizontal></extensions>
</trkpt>
<trkpt lat="42.90733" lon="1.824956">
<ele>653.5</ele>
<time>2026-09-17T19:28:12.05+02:00</time>
<extensions>
<gpxtpx:TrackPointExtension>
<gpxtpx:speed>1.24</gpxtpx:speed>
</gpxtpx:TrackPointExtension>
<opentracks:accuracy_horizontal>1.6</opentracks:accuracy_horizontal></extensions>
</trkpt>
<trkpt lat="42.907348" lon="1.825086">
<ele>654.9</ele>
<time>2026-09-17T19:28:20.046+02:00</time>
<extensions>
<gpxtpx:TrackPointExtension>
<gpxtpx:speed>1.34</gpxtpx:speed>
</gpxtpx:TrackPointExtension>
<opentracks:accuracy_horizontal>1.5</opentracks:accuracy_horizontal></extensions>
</trkpt>
<trkpt lat="42.907376" lon="1.825208">
<ele>655.1</ele>
<time>2026-09-17T19:28:27.074+02:00</time>
<extensions>
<gpxtpx:TrackPointExtension>
<gpxtpx:speed>1.4</gpxtpx:speed>
</gpxtpx:TrackPointExtension>
<opentracks:accuracy_horizontal>1.4</opentracks:accuracy_horizontal></extensions>
</trkpt>
<trkpt lat="42.907405" lon="1.825335">
<ele>653.1</ele>
<time>2026-09-17T19:28:34.055+02:00</time>
<extensions>
<gpxtpx:TrackPointExtension>
<gpxtpx:speed>1.38</gpxtpx:speed>
</gpxtpx:TrackPointExtension>
<opentracks:accuracy_horizontal>1.5</opentracks:accuracy_horizontal></extensions>
</trkpt>
<trkpt lat="42.907388" lon="1.82547">
<ele>653.6</ele>
<time>2026-09-17T19:28:42.052+02:00</time>
<extensions>
<gpxtpx:TrackPointExtension>
<gpxtpx:speed>1.3</gpxtpx:speed>
</gpxtpx:TrackPointExtension>
<opentracks:accuracy_horizontal>1.5</opentracks:accuracy_horizontal></extensions>
</trkpt>
<trkpt lat="42.907386" lon="1.8256">
<ele>654.1</ele>
<time>2026-09-17T19:28:50.032+02:00</time>
<extensions>
<gpxtpx:TrackPointExtension>
<gpxtpx:speed>1.33</gpxtpx:speed>
</gpxtpx:TrackPointExtension>
<opentracks:accuracy_horizontal>1.6</opentracks:accuracy_horizontal></extensions>
</trkpt>
<trkpt lat="42.907386" lon="1.82573">
<ele>654.3</ele>
<time>2026-09-17T19:28:58.073+02:00</time>
<extensions>
<gpxtpx:TrackPointExtension>
<gpxtpx:speed>1.41</gpxtpx:speed>
</gpxtpx:TrackPointExtension>
<opentracks:accuracy_horizontal>1.5</opentracks:accuracy_horizontal></extensions>
</trkpt>
<trkpt lat="42.907403" lon="1.825815">
<ele>653.7</ele>
<time>2026-09-17T19:29:08.073+02:00</time>
<extensions>
<gpxtpx:TrackPointExtension>
<gpxtpx:speed>0.74</gpxtpx:speed>
</gpxtpx:TrackPointExtension>
<opentracks:accuracy_horizontal>1.7</opentracks:accuracy_horizontal></extensions>
</trkpt>
<trkpt lat="42.907405" lon="1.825943">
<ele>654.6</ele>
<time>2026-09-17T19:29:21.061+02:00</time>
<extensions>
<gpxtpx:TrackPointExtension>
<gpxtpx:speed>0.85</gpxtpx:speed>
</gpxtpx:TrackPointExtension>
<opentracks:accuracy_horizontal>1.7</opentracks:accuracy_horizontal></extensions>
</trkpt>
<trkpt lat="42.907421" lon="1.825986">
<ele>651.3</ele>
<time>2026-09-17T19:29:31.052+02:00</time>
<extensions>
<gpxtpx:TrackPointExtension>
<gpxtpx:speed>1.05</gpxtpx:speed>
</gpxtpx:TrackPointExtension>
<opentracks:accuracy_horizontal>1.8</opentracks:accuracy_horizontal></extensions>
</trkpt>
<trkpt lat="42.907423" lon="1.826121">
<ele>643.2</ele>
<time>2026-09-17T19:30:00.075+02:00</time>
<extensions>
<gpxtpx:TrackPointExtension>
<gpxtpx:speed>0.85</gpxtpx:speed>
</gpxtpx:TrackPointExtension>
<opentracks:accuracy_horizontal>2.1</opentracks:accuracy_horizontal></extensions>
</trkpt>
<trkpt lat="42.907391" lon="1.826246">
<ele>641.4</ele>
<time>2026-09-17T19:30:10.061+02:00</time>
<extensions>
<gpxtpx:TrackPointExtension>
<gpxtpx:speed>0.72</gpxtpx:speed>
</gpxtpx:TrackPointExtension>
<opentracks:accuracy_horizontal>2.1</opentracks:accuracy_horizontal></extensions>
</trkpt>
<trkpt lat="42.907336" lon="1.826338">
<ele>639.5</ele>
<time>2026-09-17T19:30:20.061+02:00</time>
<extensions>
<gpxtpx:TrackPointExtension>
<gpxtpx:speed>0.48</gpxtpx:speed>
</gpxtpx:TrackPointExtension>
<opentracks:accuracy_horizontal>2.1</opentracks:accuracy_horizontal></extensions>
</trkpt>
<trkpt lat="42.907266" lon="1.826423">
<ele>637.6</ele>
<time>2026-09-17T19:30:36.064+02:00</time>
<extensions>
<gpxtpx:TrackPointExtension>
<gpxtpx:speed>0.37</gpxtpx:speed>
</gpxtpx:TrackPointExtension>
<opentracks:accuracy_horizontal>2.2</opentracks:accuracy_horizontal></extensions>
</trkpt>
<trkpt lat="42.907244" lon="1.826508">
<ele>635.8</ele>
<time>2026-09-17T19:30:46.056+02:00</time>
<extensions>
<gpxtpx:TrackPointExtension>
<gpxtpx:speed>0.35</gpxtpx:speed>
</gpxtpx:TrackPointExtension>
<opentracks:accuracy_horizontal>2.2</opentracks:accuracy_horizontal></extensions>
</trkpt>
<trkpt lat="42.907276" lon="1.826626">
<ele>631.6</ele>
<time>2026-09-17T19:30:56.056+02:00</time>
<extensions>
<gpxtpx:TrackPointExtension>
<gpxtpx:speed>0.41</gpxtpx:speed>
</gpxtpx:TrackPointExtension>
<opentracks:accuracy_horizontal>2.2</opentracks:accuracy_horizontal></extensions>
</trkpt>
<trkpt lat="42.90734" lon="1.82669">
<ele>629</ele>
<time>2026-09-17T19:31:06.06+02:00</time>
<extensions>
<gpxtpx:TrackPointExtension>
<gpxtpx:speed>0.54</gpxtpx:speed>
</gpxtpx:TrackPointExtension>
<opentracks:accuracy_horizontal>2.2</opentracks:accuracy_horizontal></extensions>
</trkpt>
<trkpt lat="42.907443" lon="1.826708">
<ele>627.1</ele>
<time>2026-09-17T19:31:15.063+02:00</time>
<extensions>
<gpxtpx:TrackPointExtension>
<gpxtpx:speed>0.45</gpxtpx:speed>
</gpxtpx:TrackPointExtension>
<opentracks:accuracy_horizontal>2.2</opentracks:accuracy_horizontal></extensions>
</trkpt>
<trkpt lat="42.907536" lon="1.826713">
<ele>625.4</ele>
<time>2026-09-17T19:31:20.057+02:00</time>
<extensions>
<gpxtpx:TrackPointExtension>
<gpxtpx:speed>0.54</gpxtpx:speed>
</gpxtpx:TrackPointExtension>
<opentracks:accuracy_horizontal>2.2</opentracks:accuracy_horizontal></extensions>
</trkpt>
<trkpt lat="42.907641" lon="1.826705">
<ele>623.8</ele>
<time>2026-09-17T19:31:27.063+02:00</time>
<extensions>
<gpxtpx:TrackPointExtension>
<gpxtpx:speed>0.81</gpxtpx:speed>
</gpxtpx:TrackPointExtension>
<opentracks:accuracy_horizontal>2.2</opentracks:accuracy_horizontal></extensions>
</trkpt>
<trkpt lat="42.907735" lon="1.826698">
<ele>623.4</ele>
<time>2026-09-17T19:31:31.063+02:00</time>
<extensions>
<gpxtpx:TrackPointExtension>
<gpxtpx:speed>0.85</gpxtpx:speed>
</gpxtpx:TrackPointExtension>
<opentracks:accuracy_horizontal>2.2</opentracks:accuracy_horizontal></extensions>
</trkpt>
<trkpt lat="42.907831" lon="1.826756">
<ele>622.1</ele>
<time>2026-09-17T19:31:37.068+02:00</time>
<extensions>
<gpxtpx:TrackPointExtension>
<gpxtpx:speed>0.93</gpxtpx:speed>
</gpxtpx:TrackPointExtension>
<opentracks:accuracy_horizontal>2.2</opentracks:accuracy_horizontal></extensions>
</trkpt>
<trkpt lat="42.907916" lon="1.826813">
<ele>622.6</ele>
<time>2026-09-17T19:31:43.057+02:00</time>
<extensions>
<gpxtpx:TrackPointExtension>
<gpxtpx:speed>0.76</gpxtpx:speed>
</gpxtpx:TrackPointExtension>
<opentracks:accuracy_horizontal>2.1</opentracks:accuracy_horizontal></extensions>
</trkpt>
<trkpt lat="42.907996" lon="1.826906">
<ele>624.5</ele>
<time>2026-09-17T19:31:48.051+02:00</time>
<extensions>
<gpxtpx:TrackPointExtension>
<gpxtpx:speed>0.54</gpxtpx:speed>
</gpxtpx:TrackPointExtension>
<opentracks:accuracy_horizontal>2.1</opentracks:accuracy_horizontal></extensions>
</trkpt>
<trkpt lat="42.908061" lon="1.826996">
<ele>625.9</ele>
<time>2026-09-17T19:31:53.066+02:00</time>
<extensions>
<gpxtpx:TrackPointExtension>
<gpxtpx:speed>0.54</gpxtpx:speed>
</gpxtpx:TrackPointExtension>
<opentracks:accuracy_horizontal>2.1</opentracks:accuracy_horizontal></extensions>
</trkpt>
<trkpt lat="42.90808" lon="1.82714">
<ele>626.9</ele>
<time>2026-09-17T19:31:58.079+02:00</time>
<extensions>
<gpxtpx:TrackPointExtension>
<gpxtpx:speed>0.76</gpxtpx:speed>
</gpxtpx:TrackPointExtension>
<opentracks:accuracy_horizontal>2</opentracks:accuracy_horizontal></extensions>
</trkpt>
<trkpt lat="42.908098" lon="1.82726">
<ele>627.1</ele>
<time>2026-09-17T19:32:02.08+02:00</time>
<extensions>
<gpxtpx:TrackPointExtension>
<gpxtpx:speed>0.85</gpxtpx:speed>
</gpxtpx:TrackPointExtension>
<opentracks:accuracy_horizontal>2</opentracks:accuracy_horizontal></extensions>
</trkpt>
<trkpt lat="42.908121" lon="1.827406">
<ele>627.9</ele>
<time>2026-09-17T19:32:06.07+02:00</time>
<extensions>
<gpxtpx:TrackPointExtension>
<gpxtpx:speed>0.91</gpxtpx:speed>
</gpxtpx:TrackPointExtension>
<opentracks:accuracy_horizontal>1.9</opentracks:accuracy_horizontal></extensions>
</trkpt>
<trkpt lat="42.908125" lon="1.827546">
<ele>629.5</ele>
<time>2026-09-17T19:32:11.063+02:00</time>
<extensions>
<gpxtpx:TrackPointExtension>
<gpxtpx:speed>0.95</gpxtpx:speed>
</gpxtpx:TrackPointExtension>
<opentracks:accuracy_horizontal>1.8</opentracks:accuracy_horizontal></extensions>
</trkpt>
<trkpt lat="42.908126" lon="1.827676">
<ele>630.9</ele>
<time>2026-09-17T19:32:17.064+02:00</time>
<extensions>
<gpxtpx:TrackPointExtension>
<gpxtpx:speed>0.92</gpxtpx:speed>
</gpxtpx:TrackPointExtension>
<opentracks:accuracy_horizontal>1.7</opentracks:accuracy_horizontal></extensions>
</trkpt>
<trkpt lat="42.908186" lon="1.82777">
<ele>631.5</ele>
<time>2026-09-17T19:32:24.054+02:00</time>
<extensions>
<gpxtpx:TrackPointExtension>
<gpxtpx:speed>0.99</gpxtpx:speed>
</gpxtpx:TrackPointExtension>
<opentracks:accuracy_horizontal>1.7</opentracks:accuracy_horizontal></extensions>
</trkpt>
<trkpt lat="42.908258" lon="1.827866">
<ele>631.8</ele>
<time>2026-09-17T19:32:32.057+02:00</time>
<extensions>
<gpxtpx:TrackPointExtension>
<gpxtpx:speed>1.1</gpxtpx:speed>
</gpxtpx:TrackPointExtension>
<opentracks:accuracy_horizontal>1.7</opentracks:accuracy_horizontal></extensions>
</trkpt>
<trkpt lat="42.908331" lon="1.827945">
<ele>631.2</ele>
<time>2026-09-17T19:32:41.064+02:00</time>
<extensions>
<gpxtpx:TrackPointExtension>
<gpxtpx:speed>1.08</gpxtpx:speed>
</gpxtpx:TrackPointExtension>
<opentracks:accuracy_horizontal>1.8</opentracks:accuracy_horizontal></extensions>
</trkpt>
<trkpt lat="42.908396" lon="1.828048">
<ele>631.6</ele>
<time>2026-09-17T19:32:51.055+02:00</time>
<extensions>
<gpxtpx:TrackPointExtension>
<gpxtpx:speed>0.85</gpxtpx:speed>
</gpxtpx:TrackPointExtension>
<opentracks:accuracy_horizontal>1.7</opentracks:accuracy_horizontal></extensions>
</trkpt>
<trkpt lat="42.908464" lon="1.828134">
<ele>631.5</ele>
<time>2026-09-17T19:32:59.061+02:00</time>
<extensions>
<gpxtpx:TrackPointExtension>
<gpxtpx:speed>0.89</gpxtpx:speed>
</gpxtpx:TrackPointExtension>
<opentracks:accuracy_horizontal>1.8</opentracks:accuracy_horizontal></extensions>
</trkpt>
<trkpt lat="42.908515" lon="1.828216">
<ele>630.8</ele>
<time>2026-09-17T19:33:09.064+02:00</time>
<extensions>
<gpxtpx:TrackPointExtension>
<gpxtpx:speed>0.62</gpxtpx:speed>
</gpxtpx:TrackPointExtension>
<opentracks:accuracy_horizontal>1.8</opentracks:accuracy_horizontal></extensions>
</trkpt>
<trkpt lat="42.908614" lon="1.828236">
<ele>629.5</ele>
<time>2026-09-17T19:33:19.066+02:00</time>
<extensions>
<gpxtpx:TrackPointExtension>
<gpxtpx:speed>0.68</gpxtpx:speed>
</gpxtpx:TrackPointExtension>
<opentracks:accuracy_horizontal>1.9</opentracks:accuracy_horizontal></extensions>
</trkpt>
<trkpt lat="42.908711" lon="1.828246">
<ele>629.2</ele>
<time>2026-09-17T19:33:25.067+02:00</time>
<extensions>
<gpxtpx:TrackPointExtension>
<gpxtpx:speed>0.78</gpxtpx:speed>
</gpxtpx:TrackPointExtension>
<opentracks:accuracy_horizontal>1.8</opentracks:accuracy_horizontal></extensions>
</trkpt>
<trkpt lat="42.908813" lon="1.82828">
<ele>628.9</ele>
<time>2026-09-17T19:33:31.069+02:00</time>
<extensions>
<gpxtpx:TrackPointExtension>
<gpxtpx:speed>1.12</gpxtpx:speed>
</gpxtpx:TrackPointExtension>
<opentracks:accuracy_horizontal>1.7</opentracks:accuracy_horizontal></extensions>
</trkpt>
<trkpt lat="42.908893" lon="1.828361">
<ele>630</ele>
<time>2026-09-17T19:33:37.064+02:00</time>
<extensions>
<gpxtpx:TrackPointExtension>
<gpxtpx:speed>1.01</gpxtpx:speed>
</gpxtpx:TrackPointExtension>
<opentracks:accuracy_horizontal>1.6</opentracks:accuracy_horizontal></extensions>
</trkpt>
<trkpt lat="42.908948" lon="1.828473">
<ele>630</ele>
<time>2026-09-17T19:33:47.063+02:00</time>
<extensions>
<gpxtpx:TrackPointExtension>
<gpxtpx:speed>0.78</gpxtpx:speed>
</gpxtpx:TrackPointExtension>
<opentracks:accuracy_horizontal>1.7</opentracks:accuracy_horizontal></extensions>
</trkpt>
<trkpt lat="42.908989" lon="1.828598">
<ele>629.1</ele>
<time>2026-09-17T19:33:56.061+02:00</time>
<extensions>
<gpxtpx:TrackPointExtension>
<gpxtpx:speed>0.87</gpxtpx:speed>
</gpxtpx:TrackPointExtension>
<opentracks:accuracy_horizontal>1.8</opentracks:accuracy_horizontal></extensions>
</trkpt>
<trkpt lat="42.909038" lon="1.828718">
<ele>627.9</ele>
<time>2026-09-17T19:34:05.076+02:00</time>
<extensions>
<gpxtpx:TrackPointExtension>
<gpxtpx:speed>0.85</gpxtpx:speed>
</gpxtpx:TrackPointExtension>
<opentracks:accuracy_horizontal>1.8</opentracks:accuracy_horizontal></extensions>
</trkpt>
<trkpt lat="42.909103" lon="1.828811">
<ele>627</ele>
<time>2026-09-17T19:34:12.059+02:00</time>
<extensions>
<gpxtpx:TrackPointExtension>
<gpxtpx:speed>0.97</gpxtpx:speed>
</gpxtpx:TrackPointExtension>
<opentracks:accuracy_horizontal>1.8</opentracks:accuracy_horizontal></extensions>
</trkpt>
<trkpt lat="42.909146" lon="1.828943">
<ele>626</ele>
<time>2026-09-17T19:34:21.06+02:00</time>
<extensions>
<gpxtpx:TrackPointExtension>
<gpxtpx:speed>0.91</gpxtpx:speed>
</gpxtpx:TrackPointExtension>
<opentracks:accuracy_horizontal>1.9</opentracks:accuracy_horizontal></extensions>
</trkpt>
<trkpt lat="42.90921" lon="1.829036">
<ele>624.6</ele>
<time>2026-09-17T19:34:28.059+02:00</time>
<extensions>
<gpxtpx:TrackPointExtension>
<gpxtpx:speed>1.03</gpxtpx:speed>
</gpxtpx:TrackPointExtension>
<opentracks:accuracy_horizontal>1.8</opentracks:accuracy_horizontal></extensions>
</trkpt>
<trkpt lat="42.909248" lon="1.829166">
<ele>623</ele>
<time>2026-09-17T19:34:36.068+02:00</time>
<extensions>
<gpxtpx:TrackPointExtension>
<gpxtpx:speed>0.96</gpxtpx:speed>
</gpxtpx:TrackPointExtension>
<opentracks:accuracy_horizontal>1.9</opentracks:accuracy_horizontal></extensions>
</trkpt>
<trkpt lat="42.909306" lon="1.829283">
<ele>622</ele>
<time>2026-09-17T19:34:44.048+02:00</time>
<extensions>
<gpxtpx:TrackPointExtension>
<gpxtpx:speed>0.87</gpxtpx:speed>
</gpxtpx:TrackPointExtension>
<opentracks:accuracy_horizontal>1.8</opentracks:accuracy_horizontal></extensions>
</trkpt>
<trkpt lat="42.909345" lon="1.829396">
<ele>620.8</ele>
<time>2026-09-17T19:34:52.059+02:00</time>
<extensions>
<gpxtpx:TrackPointExtension>
<gpxtpx:speed>0.92</gpxtpx:speed>
</gpxtpx:TrackPointExtension>
<opentracks:accuracy_horizontal>1.8</opentracks:accuracy_horizontal></extensions>
</trkpt>
<trkpt lat="42.90935" lon="1.829526">
<ele>618.5</ele>
<time>2026-09-17T19:35:02.064+02:00</time>
<extensions>
<gpxtpx:TrackPointExtension>
<gpxtpx:speed>0.75</gpxtpx:speed>
</gpxtpx:TrackPointExtension>
<opentracks:accuracy_horizontal>2.1</opentracks:accuracy_horizontal></extensions>
</trkpt>
<trkpt lat="42.909393" lon="1.829651">
<ele>617.1</ele>
<time>2026-09-17T19:35:11.075+02:00</time>
<extensions>
<gpxtpx:TrackPointExtension>
<gpxtpx:speed>0.69</gpxtpx:speed>
</gpxtpx:TrackPointExtension>
<opentracks:accuracy_horizontal>2.1</opentracks:accuracy_horizontal></extensions>
</trkpt>
<trkpt lat="42.90946" lon="1.829755">
<ele>616.4</ele>
<time>2026-09-17T19:35:18.055+02:00</time>
<extensions>
<gpxtpx:TrackPointExtension>
<gpxtpx:speed>0.76</gpxtpx:speed>
</gpxtpx:TrackPointExtension>
<opentracks:accuracy_horizontal>2.1</opentracks:accuracy_horizontal></extensions>
</trkpt>
<trkpt lat="42.909491" lon="1.829875">
<ele>615.4</ele>
<time>2026-09-17T19:35:26.06+02:00</time>
<extensions>
<gpxtpx:TrackPointExtension>
<gpxtpx:speed>0.68</gpxtpx:speed>
</gpxtpx:TrackPointExtension>
<opentracks:accuracy_horizontal>2.1</opentracks:accuracy_horizontal></extensions>
</trkpt>
<trkpt lat="42.909503" lon="1.830029">
<ele>615.5</ele>
<time>2026-09-17T19:35:33.064+02:00</time>
<extensions>
<gpxtpx:TrackPointExtension>
<gpxtpx:speed>0.81</gpxtpx:speed>
</gpxtpx:TrackPointExtension>
<opentracks:accuracy_horizontal>2.1</opentracks:accuracy_horizontal></extensions>
</trkpt>
<trkpt lat="42.909548" lon="1.830136">
<ele>613.9</ele>
<time>2026-09-17T19:35:42.074+02:00</time>
<extensions>
<gpxtpx:TrackPointExtension>
<gpxtpx:speed>0.8</gpxtpx:speed>
</gpxtpx:TrackPointExtension>
<opentracks:accuracy_horizontal>2.2</opentracks:accuracy_horizontal></extensions>
</trkpt>
<trkpt lat="42.909588" lon="1.83025">
<ele>612.4</ele>
<time>2026-09-17T19:35:49.066+02:00</time>
<extensions>
<gpxtpx:TrackPointExtension>
<gpxtpx:speed>0.76</gpxtpx:speed>
</gpxtpx:TrackPointExtension>
<opentracks:accuracy_horizontal>2.1</opentracks:accuracy_horizontal></extensions>
</trkpt>
<trkpt lat="42.909625" lon="1.830373">
<ele>611.2</ele>
<time>2026-09-17T19:35:57.072+02:00</time>
<extensions>
<gpxtpx:TrackPointExtension>
<gpxtpx:speed>0.91</gpxtpx:speed>
</gpxtpx:TrackPointExtension>
<opentracks:accuracy_horizontal>2.1</opentracks:accuracy_horizontal></extensions>
</trkpt>
<trkpt lat="42.909685" lon="1.83048">
<ele>610.3</ele>
<time>2026-09-17T19:36:05.063+02:00</time>
<extensions>
<gpxtpx:TrackPointExtension>
<gpxtpx:speed>0.75</gpxtpx:speed>
</gpxtpx:TrackPointExtension>
<opentracks:accuracy_horizontal>2.1</opentracks:accuracy_horizontal></extensions>
</trkpt>
<trkpt lat="42.909751" lon="1.830586">
<ele>609.5</ele>
<time>2026-09-17T19:36:12.056+02:00</time>
<extensions>
<gpxtpx:TrackPointExtension>
<gpxtpx:speed>0.88</gpxtpx:speed>
</gpxtpx:TrackPointExtension>
<opentracks:accuracy_horizontal>2.1</opentracks:accuracy_horizontal></extensions>
</trkpt>
<trkpt lat="42.909823" lon="1.830686">
<ele>608.3</ele>
<time>2026-09-17T19:36:20.056+02:00</time>
<extensions>
<gpxtpx:TrackPointExtension>
<gpxtpx:speed>0.9</gpxtpx:speed>
</gpxtpx:TrackPointExtension>
<opentracks:accuracy_horizontal>2.1</opentracks:accuracy_horizontal></extensions>
</trkpt>
<trkpt lat="42.909856" lon="1.830801">
<ele>606.8</ele>
<time>2026-09-17T19:36:27.064+02:00</time>
<extensions>
<gpxtpx:TrackPointExtension>
<gpxtpx:speed>0.86</gpxtpx:speed>
</gpxtpx:TrackPointExtension>
<opentracks:accuracy_horizontal>2</opentracks:accuracy_horizontal></extensions>
</trkpt>
<trkpt lat="42.909883" lon="1.830921">
<ele>604.1</ele>
<time>2026-09-17T19:36:37.061+02:00</time>
<extensions>
<gpxtpx:TrackPointExtension>
<gpxtpx:speed>0.66</gpxtpx:speed>
</gpxtpx:TrackPointExtension>
<opentracks:accuracy_horizontal>2.3</opentracks:accuracy_horizontal></extensions>
</trkpt>
<trkpt lat="42.909903" lon="1.831055">
<ele>602.9</ele>
<time>2026-09-17T19:36:44.068+02:00</time>
<extensions>
<gpxtpx:TrackPointExtension>
<gpxtpx:speed>0.66</gpxtpx:speed>
</gpxtpx:TrackPointExtension>
<opentracks:accuracy_horizontal>2.1</opentracks:accuracy_horizontal></extensions>
</trkpt>
<trkpt lat="42.909945" lon="1.831176">
<ele>601.5</ele>
<time>2026-09-17T19:36:52.057+02:00</time>
<extensions>
<gpxtpx:TrackPointExtension>
<gpxtpx:speed>0.64</gpxtpx:speed>
</gpxtpx:TrackPointExtension>
<opentracks:accuracy_horizontal>2.1</opentracks:accuracy_horizontal></extensions>
</trkpt>
<trkpt lat="42.909971" lon="1.83131">
<ele>600.7</ele>
<time>2026-09-17T19:37:00.057+02:00</time>
<extensions>
<gpxtpx:TrackPointExtension>
<gpxtpx:speed>0.76</gpxtpx:speed>
</gpxtpx:TrackPointExtension>
<opentracks:accuracy_horizontal>2.1</opentracks:accuracy_horizontal></extensions>
</trkpt>
<trkpt lat="42.910016" lon="1.83142">
<ele>600.3</ele>
<time>2026-09-17T19:37:07.039+02:00</time>
<extensions>
<gpxtpx:TrackPointExtension>
<gpxtpx:speed>0.87</gpxtpx:speed>
</gpxtpx:TrackPointExtension>
<opentracks:accuracy_horizontal>1.9</opentracks:accuracy_horizontal></extensions>
</trkpt>
<trkpt lat="42.910075" lon="1.831521">
<ele>601.3</ele>
<time>2026-09-17T19:37:14.056+02:00</time>
<extensions>
<gpxtpx:TrackPointExtension>
<gpxtpx:speed>0.81</gpxtpx:speed>
</gpxtpx:TrackPointExtension>
<opentracks:accuracy_horizontal>1.8</opentracks:accuracy_horizontal></extensions>
</trkpt>
<trkpt lat="42.910136" lon="1.831616">
<ele>603.6</ele>
<time>2026-09-17T19:37:19.067+02:00</time>
<extensions>
<gpxtpx:TrackPointExtension>
<gpxtpx:speed>0.82</gpxtpx:speed>
</gpxtpx:TrackPointExtension>
<opentracks:accuracy_horizontal>1.9</opentracks:accuracy_horizontal></extensions>
</trkpt>
<trkpt lat="42.9102" lon="1.831723">
<ele>605.3</ele>
<time>2026-09-17T19:37:26.065+02:00</time>
<extensions>
<gpxtpx:TrackPointExtension>
<gpxtpx:speed>0.91</gpxtpx:speed>
</gpxtpx:TrackPointExtension>
<opentracks:accuracy_horizontal>1.8</opentracks:accuracy_horizontal></extensions>
</trkpt>
<trkpt lat="42.910243" lon="1.831836">
<ele>605.3</ele>
<time>2026-09-17T19:37:33.071+02:00</time>
<extensions>
<gpxtpx:TrackPointExtension>
<gpxtpx:speed>0.88</gpxtpx:speed>
</gpxtpx:TrackPointExtension>
<opentracks:accuracy_horizontal>1.9</opentracks:accuracy_horizontal></extensions>
</trkpt>
<trkpt lat="42.910291" lon="1.831958">
<ele>605.1</ele>
<time>2026-09-17T19:37:41.078+02:00</time>
<extensions>
<gpxtpx:TrackPointExtension>
<gpxtpx:speed>0.83</gpxtpx:speed>
</gpxtpx:TrackPointExtension>
<opentracks:accuracy_horizontal>1.9</opentracks:accuracy_horizontal></extensions>
</trkpt>
<trkpt lat="42.910331" lon="1.832059">
<ele>604.9</ele>
<time>2026-09-17T19:37:51.07+02:00</time>
<extensions>
<gpxtpx:TrackPointExtension>
<gpxtpx:speed>0.61</gpxtpx:speed>
</gpxtpx:TrackPointExtension>
<opentracks:accuracy_horizontal>2.1</opentracks:accuracy_horizontal></extensions>
</trkpt>
<trkpt lat="42.910333" lon="1.832191">
<ele>605.4</ele>
<time>2026-09-17T19:37:58.057+02:00</time>
<extensions>
<gpxtpx:TrackPointExtension>
<gpxtpx:speed>0.6</gpxtpx:speed>
</gpxtpx:TrackPointExtension>
<opentracks:accuracy_horizontal>2</opentracks:accuracy_horizontal></extensions>
</trkpt>
<trkpt lat="42.910371" lon="1.832318">
<ele>605.9</ele>
<time>2026-09-17T19:38:04.065+02:00</time>
<extensions>
<gpxtpx:TrackPointExtension>
<gpxtpx:speed>0.74</gpxtpx:speed>
</gpxtpx:TrackPointExtension>
<opentracks:accuracy_horizontal>2</opentracks:accuracy_horizontal></extensions>
</trkpt>
<trkpt lat="42.910393" lon="1.83244">
<ele>606.3</ele>
<time>2026-09-17T19:38:10.059+02:00</time>
<extensions>
<gpxtpx:TrackPointExtension>
<gpxtpx:speed>0.86</gpxtpx:speed>
</gpxtpx:TrackPointExtension>
<opentracks:accuracy_horizontal>2</opentracks:accuracy_horizontal></extensions>
</trkpt>
<trkpt lat="42.910426" lon="1.832561">
<ele>607.6</ele>
<time>2026-09-17T19:38:17.065+02:00</time>
<extensions>
<gpxtpx:TrackPointExtension>
<gpxtpx:speed>0.69</gpxtpx:speed>
</gpxtpx:TrackPointExtension>
<opentracks:accuracy_horizontal>2</opentracks:accuracy_horizontal></extensions>
</trkpt>
<trkpt lat="42.910463" lon="1.832678">
<ele>608.4</ele>
<time>2026-09-17T19:38:26.064+02:00</time>
<extensions>
<gpxtpx:TrackPointExtension>
<gpxtpx:speed>0</gpxtpx:speed>
</gpxtpx:TrackPointExtension>
<opentracks:accuracy_horizontal>2.1</opentracks:accuracy_horizontal></extensions>
</trkpt>
<trkpt lat="42.910478" lon="1.83278">
<ele>612.2</ele>
<time>2026-09-17T19:38:35.203+02:00</time>
<extensions>
<gpxtpx:TrackPointExtension>
<gpxtpx:speed>0.53</gpxtpx:speed>
</gpxtpx:TrackPointExtension>
<opentracks:accuracy_horizontal>2.2</opentracks:accuracy_horizontal></extensions>
</trkpt>
<trkpt lat="42.910568" lon="1.832828">
<ele>618.8</ele>
<time>2026-09-17T19:38:51.058+02:00</time>
<extensions>
<gpxtpx:TrackPointExtension>
<gpxtpx:speed>0.24</gpxtpx:speed>
</gpxtpx:TrackPointExtension>
<opentracks:accuracy_horizontal>2</opentracks:accuracy_horizontal></extensions>
</trkpt>
<trkpt lat="42.910588" lon="1.832821">
<ele>620</ele>
<time>2026-09-17T19:39:01.053+02:00</time>
<extensions>
<gpxtpx:TrackPointExtension>
<gpxtpx:speed>0</gpxtpx:speed>
</gpxtpx:TrackPointExtension>
<opentracks:accuracy_horizontal>2</opentracks:accuracy_horizontal></extensions>
</trkpt>
<trkpt lat="42.910651" lon="1.83292">
<ele>631.2</ele>
<time>2026-09-17T19:40:35.042+02:00</time>
<extensions>
<gpxtpx:TrackPointExtension>
<gpxtpx:speed>0.64</gpxtpx:speed>
</gpxtpx:TrackPointExtension>
<opentracks:accuracy_horizontal>1.8</opentracks:accuracy_horizontal></extensions>
</trkpt>
<trkpt lat="42.910676" lon="1.833046">
<ele>632.3</ele>
<time>2026-09-17T19:40:42.052+02:00</time>
<extensions>
<gpxtpx:TrackPointExtension>
<gpxtpx:speed>1.46</gpxtpx:speed>
</gpxtpx:TrackPointExtension>
<opentracks:accuracy_horizontal>2</opentracks:accuracy_horizontal></extensions>
</trkpt>
<trkpt lat="42.910735" lon="1.833148">
<ele>632.4</ele>
<time>2026-09-17T19:40:49.047+02:00</time>
<extensions>
<gpxtpx:TrackPointExtension>
<gpxtpx:speed>1.27</gpxtpx:speed>
</gpxtpx:TrackPointExtension>
<opentracks:accuracy_horizontal>1.8</opentracks:accuracy_horizontal></extensions>
</trkpt>
<trkpt lat="42.910761" lon="1.833256">
<ele>631.4</ele>
<time>2026-09-17T19:40:58.05+02:00</time>
<extensions>
<gpxtpx:TrackPointExtension>
<gpxtpx:speed>0.85</gpxtpx:speed>
</gpxtpx:TrackPointExtension>
<opentracks:accuracy_horizontal>1.9</opentracks:accuracy_horizontal></extensions>
</trkpt>
<trkpt lat="42.910798" lon="1.833375">
<ele>631.3</ele>
<time>2026-09-17T19:41:05.051+02:00</time>
<extensions>
<gpxtpx:TrackPointExtension>
<gpxtpx:speed>0.79</gpxtpx:speed>
</gpxtpx:TrackPointExtension>
<opentracks:accuracy_horizontal>1.9</opentracks:accuracy_horizontal></extensions>
</trkpt>
<trkpt lat="42.910858" lon="1.833475">
<ele>630.2</ele>
<time>2026-09-17T19:41:12.064+02:00</time>
<extensions>
<gpxtpx:TrackPointExtension>
<gpxtpx:speed>0.79</gpxtpx:speed>
</gpxtpx:TrackPointExtension>
<opentracks:accuracy_horizontal>1.9</opentracks:accuracy_horizontal></extensions>
</trkpt>
<trkpt lat="42.910893" lon="1.833603">
<ele>629.8</ele>
<time>2026-09-17T19:41:20.059+02:00</time>
<extensions>
<gpxtpx:TrackPointExtension>
<gpxtpx:speed>0.75</gpxtpx:speed>
</gpxtpx:TrackPointExtension>
<opentracks:accuracy_horizontal>1.8</opentracks:accuracy_horizontal></extensions>
</trkpt>
<trkpt lat="42.910935" lon="1.833723">
<ele>629.8</ele>
<time>2026-09-17T19:41:27.063+02:00</time>
<extensions>
<gpxtpx:TrackPointExtension>
<gpxtpx:speed>0.97</gpxtpx:speed>
</gpxtpx:TrackPointExtension>
<opentracks:accuracy_horizontal>1.8</opentracks:accuracy_horizontal></extensions>
</trkpt>
<trkpt lat="42.910989" lon="1.833829">
<ele>628.8</ele>
<time>2026-09-17T19:41:35.068+02:00</time>
<extensions>
<gpxtpx:TrackPointExtension>
<gpxtpx:speed>0.88</gpxtpx:speed>
</gpxtpx:TrackPointExtension>
<opentracks:accuracy_horizontal>1.8</opentracks:accuracy_horizontal></extensions>
</trkpt>
<trkpt lat="42.911041" lon="1.833935">
<ele>628.3</ele>
<time>2026-09-17T19:41:42.064+02:00</time>
<extensions>
<gpxtpx:TrackPointExtension>
<gpxtpx:speed>0.95</gpxtpx:speed>
</gpxtpx:TrackPointExtension>
<opentracks:accuracy_horizontal>1.9</opentracks:accuracy_horizontal></extensions>
</trkpt>
<trkpt lat="42.911093" lon="1.83404">
<ele>627.6</ele>
<time>2026-09-17T19:41:48.054+02:00</time>
<extensions>
<gpxtpx:TrackPointExtension>
<gpxtpx:speed>0.97</gpxtpx:speed>
</gpxtpx:TrackPointExtension>
<opentracks:accuracy_horizontal>1.7</opentracks:accuracy_horizontal></extensions>
</trkpt>
<trkpt lat="42.911151" lon="1.834135">
<ele>626.9</ele>
<time>2026-09-17T19:41:54.063+02:00</time>
<extensions>
<gpxtpx:TrackPointExtension>
<gpxtpx:speed>1.17</gpxtpx:speed>
</gpxtpx:TrackPointExtension>
<opentracks:accuracy_horizontal>1.8</opentracks:accuracy_horizontal></extensions>
</trkpt>
<trkpt lat="42.911218" lon="1.834236">
<ele>625.9</ele>
<time>2026-09-17T19:42:01.061+02:00</time>
<extensions>
<gpxtpx:TrackPointExtension>
<gpxtpx:speed>1.23</gpxtpx:speed>
</gpxtpx:TrackPointExtension>
<opentracks:accuracy_horizontal>1.8</opentracks:accuracy_horizontal></extensions>
</trkpt>
<trkpt lat="42.911256" lon="1.834353">
<ele>624.6</ele>
<time>2026-09-17T19:42:11.058+02:00</time>
<extensions>
<gpxtpx:TrackPointExtension>
<gpxtpx:speed>0.9</gpxtpx:speed>
</gpxtpx:TrackPointExtension>
<opentracks:accuracy_horizontal>1.9</opentracks:accuracy_horizontal></extensions>
</trkpt>
<trkpt lat="42.911318" lon="1.834448">
<ele>623</ele>
<time>2026-09-17T19:42:19.046+02:00</time>
<extensions>
<gpxtpx:TrackPointExtension>
<gpxtpx:speed>0.78</gpxtpx:speed>
</gpxtpx:TrackPointExtension>
<opentracks:accuracy_horizontal>1.8</opentracks:accuracy_horizontal></extensions>
</trkpt>
<trkpt lat="42.911368" lon="1.834561">
<ele>621.9</ele>
<time>2026-09-17T19:42:27.059+02:00</time>
<extensions>
<gpxtpx:TrackPointExtension>
<gpxtpx:speed>1</gpxtpx:speed>
</gpxtpx:TrackPointExtension>
<opentracks:accuracy_horizontal>1.7</opentracks:accuracy_horizontal></extensions>
</trkpt>
<trkpt lat="42.911413" lon="1.834673">
<ele>620.3</ele>
<time>2026-09-17T19:42:35.061+02:00</time>
<extensions>
<gpxtpx:TrackPointExtension>
<gpxtpx:speed>0.93</gpxtpx:speed>
</gpxtpx:TrackPointExtension>
<opentracks:accuracy_horizontal>1.9</opentracks:accuracy_horizontal></extensions>
</trkpt>
<trkpt lat="42.911481" lon="1.834758">
<ele>618.8</ele>
<time>2026-09-17T19:42:42.06+02:00</time>
<extensions>
<gpxtpx:TrackPointExtension>
<gpxtpx:speed>0.77</gpxtpx:speed>
</gpxtpx:TrackPointExtension>
<opentracks:accuracy_horizontal>1.9</opentracks:accuracy_horizontal></extensions>
</trkpt>
<trkpt lat="42.911545" lon="1.83486">
<ele>617.6</ele>
<time>2026-09-17T19:42:50.062+02:00</time>
<extensions>
<gpxtpx:TrackPointExtension>
<gpxtpx:speed>0.89</gpxtpx:speed>
</gpxtpx:TrackPointExtension>
<opentracks:accuracy_horizontal>1.9</opentracks:accuracy_horizontal></extensions>
</trkpt>
<trkpt lat="42.911603" lon="1.834966">
<ele>617.3</ele>
<time>2026-09-17T19:42:56.074+02:00</time>
<extensions>
<gpxtpx:TrackPointExtension>
<gpxtpx:speed>1.11</gpxtpx:speed>
</gpxtpx:TrackPointExtension>
<opentracks:accuracy_horizontal>1.9</opentracks:accuracy_horizontal></extensions>
</trkpt>
<trkpt lat="42.911636" lon="1.83509">
<ele>616.6</ele>
<time>2026-09-17T19:43:02.055+02:00</time>
<extensions>
<gpxtpx:TrackPointExtension>
<gpxtpx:speed>1.11</gpxtpx:speed>
</gpxtpx:TrackPointExtension>
<opentracks:accuracy_horizontal>1.7</opentracks:accuracy_horizontal></extensions>
</trkpt>
<trkpt lat="42.91168" lon="1.835201">
<ele>616.1</ele>
<time>2026-09-17T19:43:08.059+02:00</time>
<extensions>
<gpxtpx:TrackPointExtension>
<gpxtpx:speed>1.14</gpxtpx:speed>
</gpxtpx:TrackPointExtension>
<opentracks:accuracy_horizontal>1.7</opentracks:accuracy_horizontal></extensions>
</trkpt>
<trkpt lat="42.911718" lon="1.835323">
<ele>614.8</ele>
<time>2026-09-17T19:43:15.063+02:00</time>
<extensions>
<gpxtpx:TrackPointExtension>
<gpxtpx:speed>1.17</gpxtpx:speed>
</gpxtpx:TrackPointExtension>
<opentracks:accuracy_horizontal>1.8</opentracks:accuracy_horizontal></extensions>
</trkpt>
<trkpt lat="42.911763" lon="1.83543">
<ele>614</ele>
<time>2026-09-17T19:43:24.075+02:00</time>
<extensions>
<gpxtpx:TrackPointExtension>
<gpxtpx:speed>0.78</gpxtpx:speed>
</gpxtpx:TrackPointExtension>
<opentracks:accuracy_horizontal>1.9</opentracks:accuracy_horizontal></extensions>
</trkpt>
<trkpt lat="42.911805" lon="1.835543">
<ele>612.7</ele>
<time>2026-09-17T19:43:33.061+02:00</time>
<extensions>
<gpxtpx:TrackPointExtension>
<gpxtpx:speed>0.6</gpxtpx:speed>
</gpxtpx:TrackPointExtension>
<opentracks:accuracy_horizontal>1.9</opentracks:accuracy_horizontal></extensions>
</trkpt>
<trkpt lat="42.91185" lon="1.835653">
<ele>612.6</ele>
<time>2026-09-17T19:43:39.059+02:00</time>
<extensions>
<gpxtpx:TrackPointExtension>
<gpxtpx:speed>0.93</gpxtpx:speed>
</gpxtpx:TrackPointExtension>
<opentracks:accuracy_horizontal>1.9</opentracks:accuracy_horizontal></extensions>
</trkpt>
<trkpt lat="42.911886" lon="1.835753">
<ele>612.5</ele>
<time>2026-09-17T19:43:49.06+02:00</time>
<extensions>
<gpxtpx:TrackPointExtension>
<gpxtpx:speed>0.64</gpxtpx:speed>
</gpxtpx:TrackPointExtension>
<opentracks:accuracy_horizontal>2</opentracks:accuracy_horizontal></extensions>
</trkpt>
<trkpt lat="42.911825" lon="1.835848">
<ele>614</ele>
<time>2026-09-17T19:44:01.067+02:00</time>
<extensions>
<gpxtpx:TrackPointExtension>
<gpxtpx:speed>0.76</gpxtpx:speed>
</gpxtpx:TrackPointExtension>
<opentracks:accuracy_horizontal>1.9</opentracks:accuracy_horizontal></extensions>
</trkpt>
<trkpt lat="42.91175" lon="1.83592">
<ele>613.8</ele>
<time>2026-09-17T19:44:09.06+02:00</time>
<extensions>
<gpxtpx:TrackPointExtension>
<gpxtpx:speed>0.75</gpxtpx:speed>
</gpxtpx:TrackPointExtension>
<opentracks:accuracy_horizontal>1.9</opentracks:accuracy_horizontal></extensions>
</trkpt>
<trkpt lat="42.911683" lon="1.836006">
<ele>614</ele>
<time>2026-09-17T19:44:17.063+02:00</time>
<extensions>
<gpxtpx:TrackPointExtension>
<gpxtpx:speed>0.7</gpxtpx:speed>
</gpxtpx:TrackPointExtension>
<opentracks:accuracy_horizontal>1.9</opentracks:accuracy_horizontal></extensions>
</trkpt>
<trkpt lat="42.911661" lon="1.836135">
<ele>614.9</ele>
<time>2026-09-17T19:44:24.081+02:00</time>
<extensions>
<gpxtpx:TrackPointExtension>
<gpxtpx:speed>0.76</gpxtpx:speed>
</gpxtpx:TrackPointExtension>
<opentracks:accuracy_horizontal>1.8</opentracks:accuracy_horizontal></extensions>
</trkpt>
<trkpt lat="42.91168" lon="1.836255">
<ele>615.2</ele>
<time>2026-09-17T19:44:31.061+02:00</time>
<extensions>
<gpxtpx:TrackPointExtension>
<gpxtpx:speed>0.76</gpxtpx:speed>
</gpxtpx:TrackPointExtension>
<opentracks:accuracy_horizontal>1.9</opentracks:accuracy_horizontal></extensions>
</trkpt>
<trkpt lat="42.9117" lon="1.836375">
<ele>615.2</ele>
<time>2026-09-17T19:44:40.068+02:00</time>
<extensions>
<gpxtpx:TrackPointExtension>
<gpxtpx:speed>0.62</gpxtpx:speed>
</gpxtpx:TrackPointExtension>
<opentracks:accuracy_horizontal>2</opentracks:accuracy_horizontal></extensions>
</trkpt>
<trkpt lat="42.911711" lon="1.836511">
<ele>614.9</ele>
<time>2026-09-17T19:44:49.065+02:00</time>
<extensions>
<gpxtpx:TrackPointExtension>
<gpxtpx:speed>0.65</gpxtpx:speed>
</gpxtpx:TrackPointExtension>
<opentracks:accuracy_horizontal>2</opentracks:accuracy_horizontal></extensions>
</trkpt>
<trkpt lat="42.911718" lon="1.836663">
<ele>614.6</ele>
<time>2026-09-17T19:44:58.069+02:00</time>
<extensions>
<gpxtpx:TrackPointExtension>
<gpxtpx:speed>0.58</gpxtpx:speed>
</gpxtpx:TrackPointExtension>
<opentracks:accuracy_horizontal>2</opentracks:accuracy_horizontal></extensions>
</trkpt>
<trkpt lat="42.911739" lon="1.836763">
<ele>613.4</ele>
<time>2026-09-17T19:45:08.052+02:00</time>
<extensions>
<gpxtpx:TrackPointExtension>
<gpxtpx:speed>0.47</gpxtpx:speed>
</gpxtpx:TrackPointExtension>
<opentracks:accuracy_horizontal>2.2</opentracks:accuracy_horizontal></extensions>
</trkpt>
<trkpt lat="42.911761" lon="1.836886">
<ele>612.3</ele>
<time>2026-09-17T19:45:19.063+02:00</time>
<extensions>
<gpxtpx:TrackPointExtension>
<gpxtpx:speed>0.46</gpxtpx:speed>
</gpxtpx:TrackPointExtension>
<opentracks:accuracy_horizontal>2.3</opentracks:accuracy_horizontal></extensions>
</trkpt>
<trkpt lat="42.91176" lon="1.837018">
<ele>612.7</ele>
<time>2026-09-17T19:45:26.062+02:00</time>
<extensions>
<gpxtpx:TrackPointExtension>
<gpxtpx:speed>0.41</gpxtpx:speed>
</gpxtpx:TrackPointExtension>
<opentracks:accuracy_horizontal>2.2</opentracks:accuracy_horizontal></extensions>
</trkpt>
<trkpt lat="42.911825" lon="1.837108">
<ele>612.4</ele>
<time>2026-09-17T19:45:34.056+02:00</time>
<extensions>
<gpxtpx:TrackPointExtension>
<gpxtpx:speed>0.57</gpxtpx:speed>
</gpxtpx:TrackPointExtension>
<opentracks:accuracy_horizontal>2.2</opentracks:accuracy_horizontal></extensions>
</trkpt>
<trkpt lat="42.911908" lon="1.837201">
<ele>612.4</ele>
<time>2026-09-17T19:45:40.066+02:00</time>
<extensions>
<gpxtpx:TrackPointExtension>
<gpxtpx:speed>0.65</gpxtpx:speed>
</gpxtpx:TrackPointExtension>
<opentracks:accuracy_horizontal>2.1</opentracks:accuracy_horizontal></extensions>
</trkpt>
<trkpt lat="42.911991" lon="1.83726">
<ele>612.8</ele>
<time>2026-09-17T19:45:44.064+02:00</time>
<extensions>
<gpxtpx:TrackPointExtension>
<gpxtpx:speed>0.85</gpxtpx:speed>
</gpxtpx:TrackPointExtension>
<opentracks:accuracy_horizontal>2.1</opentracks:accuracy_horizontal></extensions>
</trkpt>
<trkpt lat="42.912056" lon="1.83736">
<ele>612.3</ele>
<time>2026-09-17T19:45:53.057+02:00</time>
<extensions>
<gpxtpx:TrackPointExtension>
<gpxtpx:speed>0.92</gpxtpx:speed>
</gpxtpx:TrackPointExtension>
<opentracks:accuracy_horizontal>2.3</opentracks:accuracy_horizontal></extensions>
</trkpt>
<trkpt lat="42.912128" lon="1.83744">
<ele>611.8</ele>
<time>2026-09-17T19:45:59.059+02:00</time>
<extensions>
<gpxtpx:TrackPointExtension>
<gpxtpx:speed>0.83</gpxtpx:speed>
</gpxtpx:TrackPointExtension>
<opentracks:accuracy_horizontal>2.2</opentracks:accuracy_horizontal></extensions>
</trkpt>
<trkpt lat="42.91222" lon="1.837524">
<ele>612.2</ele>
<time>2026-09-17T19:46:05.068+02:00</time>
<extensions>
<gpxtpx:TrackPointExtension>
<gpxtpx:speed>0.92</gpxtpx:speed>
</gpxtpx:TrackPointExtension>
<opentracks:accuracy_horizontal>2.1</opentracks:accuracy_horizontal></extensions>
</trkpt>
<trkpt lat="42.912266" lon="1.837624">
<ele>611.1</ele>
<time>2026-09-17T19:46:15.061+02:00</time>
<extensions>
<gpxtpx:TrackPointExtension>
<gpxtpx:speed>0.71</gpxtpx:speed>
</gpxtpx:TrackPointExtension>
<opentracks:accuracy_horizontal>2.2</opentracks:accuracy_horizontal></extensions>
</trkpt>
<trkpt lat="42.91233" lon="1.837736">
<ele>610.4</ele>
<time>2026-09-17T19:46:23.064+02:00</time>
<extensions>
<gpxtpx:TrackPointExtension>
<gpxtpx:speed>0.68</gpxtpx:speed>
</gpxtpx:TrackPointExtension>
<opentracks:accuracy_horizontal>2.2</opentracks:accuracy_horizontal></extensions>
</trkpt>
<trkpt lat="42.912369" lon="1.837856">
<ele>610.7</ele>
<time>2026-09-17T19:46:31.06+02:00</time>
<extensions>
<gpxtpx:TrackPointExtension>
<gpxtpx:speed>0.73</gpxtpx:speed>
</gpxtpx:TrackPointExtension>
<opentracks:accuracy_horizontal>2.3</opentracks:accuracy_horizontal></extensions>
</trkpt>
<trkpt lat="42.91245" lon="1.837946">
<ele>611.4</ele>
<time>2026-09-17T19:46:38.069+02:00</time>
<extensions>
<gpxtpx:TrackPointExtension>
<gpxtpx:speed>0.67</gpxtpx:speed>
</gpxtpx:TrackPointExtension>
<opentracks:accuracy_horizontal>2.2</opentracks:accuracy_horizontal></extensions>
</trkpt>
<trkpt lat="42.912481" lon="1.838073">
<ele>611.3</ele>
<time>2026-09-17T19:46:47.056+02:00</time>
<extensions>
<gpxtpx:TrackPointExtension>
<gpxtpx:speed>0.63</gpxtpx:speed>
</gpxtpx:TrackPointExtension>
<opentracks:accuracy_horizontal>2.3</opentracks:accuracy_horizontal></extensions>
</trkpt>
<trkpt lat="42.912553" lon="1.838166">
<ele>612.5</ele>
<time>2026-09-17T19:46:53.056+02:00</time>
<extensions>
<gpxtpx:TrackPointExtension>
<gpxtpx:speed>0.78</gpxtpx:speed>
</gpxtpx:TrackPointExtension>
<opentracks:accuracy_horizontal>2.2</opentracks:accuracy_horizontal></extensions>
</trkpt>
<trkpt lat="42.912615" lon="1.838258">
<ele>612.7</ele>
<time>2026-09-17T19:47:01.06+02:00</time>
<extensions>
<gpxtpx:TrackPointExtension>
<gpxtpx:speed>0.74</gpxtpx:speed>
</gpxtpx:TrackPointExtension>
<opentracks:accuracy_horizontal>2.1</opentracks:accuracy_horizontal></extensions>
</trkpt>
<trkpt lat="42.912708" lon="1.83831">
<ele>613.6</ele>
<time>2026-09-17T19:47:06.075+02:00</time>
<extensions>
<gpxtpx:TrackPointExtension>
<gpxtpx:speed>0.77</gpxtpx:speed>
</gpxtpx:TrackPointExtension>
<opentracks:accuracy_horizontal>2.1</opentracks:accuracy_horizontal></extensions>
</trkpt>
<trkpt lat="42.912736" lon="1.838396">
<ele>613</ele>
<time>2026-09-17T19:47:15.064+02:00</time>
<extensions>
<gpxtpx:TrackPointExtension>
<gpxtpx:speed>0.7</gpxtpx:speed>
</gpxtpx:TrackPointExtension>
<opentracks:accuracy_horizontal>2.2</opentracks:accuracy_horizontal></extensions>
</trkpt>
<trkpt lat="42.912771" lon="1.838528">
<ele>612.3</ele>
<time>2026-09-17T19:47:23.075+02:00</time>
<extensions>
<gpxtpx:TrackPointExtension>
<gpxtpx:speed>0.79</gpxtpx:speed>
</gpxtpx:TrackPointExtension>
<opentracks:accuracy_horizontal>2.2</opentracks:accuracy_horizontal></extensions>
</trkpt>
<trkpt lat="42.912834" lon="1.838634">
<ele>612.4</ele>
<time>2026-09-17T19:47:28.065+02:00</time>
<extensions>
<gpxtpx:TrackPointExtension>
<gpxtpx:speed>0.88</gpxtpx:speed>
</gpxtpx:TrackPointExtension>
<opentracks:accuracy_horizontal>2.1</opentracks:accuracy_horizontal></extensions>
</trkpt>
<trkpt lat="42.912905" lon="1.838715">
<ele>613</ele>
<time>2026-09-17T19:47:33.071+02:00</time>
<extensions>
<gpxtpx:TrackPointExtension>
<gpxtpx:speed>0.95</gpxtpx:speed>
</gpxtpx:TrackPointExtension>
<opentracks:accuracy_horizontal>2.1</opentracks:accuracy_horizontal></extensions>
</trkpt>
<trkpt lat="42.912973" lon="1.83881">
<ele>613.2</ele>
<time>2026-09-17T19:47:40.064+02:00</time>
<extensions>
<gpxtpx:TrackPointExtension>
<gpxtpx:speed>0.92</gpxtpx:speed>
</gpxtpx:TrackPointExtension>
<opentracks:accuracy_horizontal>2</opentracks:accuracy_horizontal></extensions>
</trkpt>
<trkpt lat="42.91302" lon="1.838926">
<ele>614.3</ele>
<time>2026-09-17T19:47:48.06+02:00</time>
<extensions>
<gpxtpx:TrackPointExtension>
<gpxtpx:speed>0.82</gpxtpx:speed>
</gpxtpx:TrackPointExtension>
<opentracks:accuracy_horizontal>2</opentracks:accuracy_horizontal></extensions>
</trkpt>
<trkpt lat="42.913066" lon="1.839015">
<ele>614</ele>
<time>2026-09-17T19:47:58.061+02:00</time>
<extensions>
<gpxtpx:TrackPointExtension>
<gpxtpx:speed>0.68</gpxtpx:speed>
</gpxtpx:TrackPointExtension>
<opentracks:accuracy_horizontal>2.1</opentracks:accuracy_horizontal></extensions>
</trkpt>
<trkpt lat="42.913116" lon="1.839131">
<ele>613.9</ele>
<time>2026-09-17T19:48:06.054+02:00</time>
<extensions>
<gpxtpx:TrackPointExtension>
<gpxtpx:speed>0.63</gpxtpx:speed>
</gpxtpx:TrackPointExtension>
<opentracks:accuracy_horizontal>2.1</opentracks:accuracy_horizontal></extensions>
</trkpt>
<trkpt lat="42.913149" lon="1.839246">
<ele>613.4</ele>
<time>2026-09-17T19:48:13.073+02:00</time>
<extensions>
<gpxtpx:TrackPointExtension>
<gpxtpx:speed>0.7</gpxtpx:speed>
</gpxtpx:TrackPointExtension>
<opentracks:accuracy_horizontal>2.1</opentracks:accuracy_horizontal></extensions>
</trkpt>
<trkpt lat="42.913188" lon="1.839368">
<ele>613.4</ele>
<time>2026-09-17T19:48:20.07+02:00</time>
<extensions>
<gpxtpx:TrackPointExtension>
<gpxtpx:speed>0.81</gpxtpx:speed>
</gpxtpx:TrackPointExtension>
<opentracks:accuracy_horizontal>2.1</opentracks:accuracy_horizontal></extensions>
</trkpt>
<trkpt lat="42.913236" lon="1.839481">
<ele>613.1</ele>
<time>2026-09-17T19:48:27.063+02:00</time>
<extensions>
<gpxtpx:TrackPointExtension>
<gpxtpx:speed>0.83</gpxtpx:speed>
</gpxtpx:TrackPointExtension>
<opentracks:accuracy_horizontal>2.2</opentracks:accuracy_horizontal></extensions>
</trkpt>
<trkpt lat="42.91327" lon="1.83961">
<ele>613</ele>
<time>2026-09-17T19:48:35.061+02:00</time>
<extensions>
<gpxtpx:TrackPointExtension>
<gpxtpx:speed>0.8</gpxtpx:speed>
</gpxtpx:TrackPointExtension>
<opentracks:accuracy_horizontal>2.1</opentracks:accuracy_horizontal></extensions>
</trkpt>
<trkpt lat="42.913325" lon="1.839718">
<ele>613.9</ele>
<time>2026-09-17T19:48:41.059+02:00</time>
<extensions>
<gpxtpx:TrackPointExtension>
<gpxtpx:speed>0.75</gpxtpx:speed>
</gpxtpx:TrackPointExtension>
<opentracks:accuracy_horizontal>2.1</opentracks:accuracy_horizontal></extensions>
</trkpt>
<trkpt lat="42.913381" lon="1.839819">
<ele>614.4</ele>
<time>2026-09-17T19:48:49.059+02:00</time>
<extensions>
<gpxtpx:TrackPointExtension>
<gpxtpx:speed>0.77</gpxtpx:speed>
</gpxtpx:TrackPointExtension>
<opentracks:accuracy_horizontal>2</opentracks:accuracy_horizontal></extensions>
</trkpt>
<trkpt lat="42.913428" lon="1.83993">
<ele>616.6</ele>
<time>2026-09-17T19:48:59.066+02:00</time>
<extensions>
<gpxtpx:TrackPointExtension>
<gpxtpx:speed>0.49</gpxtpx:speed>
</gpxtpx:TrackPointExtension>
<opentracks:accuracy_horizontal>1.9</opentracks:accuracy_horizontal></extensions>
</trkpt>
<trkpt lat="42.9135" lon="1.840004">
<ele>617.7</ele>
<time>2026-09-17T19:49:08.059+02:00</time>
<extensions>
<gpxtpx:TrackPointExtension>
<gpxtpx:speed>0.59</gpxtpx:speed>
</gpxtpx:TrackPointExtension>
<opentracks:accuracy_horizontal>2</opentracks:accuracy_horizontal></extensions>
</trkpt>
<trkpt lat="42.913583" lon="1.840071">
<ele>619.4</ele>
<time>2026-09-17T19:49:15.074+02:00</time>
<extensions>
<gpxtpx:TrackPointExtension>
<gpxtpx:speed>0.6</gpxtpx:speed>
</gpxtpx:TrackPointExtension>
<opentracks:accuracy_horizontal>1.8</opentracks:accuracy_horizontal></extensions>
</trkpt>
<trkpt lat="42.913656" lon="1.840145">
<ele>621.2</ele>
<time>2026-09-17T19:49:23.058+02:00</time>
<extensions>
<gpxtpx:TrackPointExtension>
<gpxtpx:speed>0.79</gpxtpx:speed>
</gpxtpx:TrackPointExtension>
<opentracks:accuracy_horizontal>1.7</opentracks:accuracy_horizontal></extensions>
</trkpt>
<trkpt lat="42.91373" lon="1.840206">
<ele>623</ele>
<time>2026-09-17T19:49:32.074+02:00</time>
<extensions>
<gpxtpx:TrackPointExtension>
<gpxtpx:speed>0.71</gpxtpx:speed>
</gpxtpx:TrackPointExtension>
<opentracks:accuracy_horizontal>1.8</opentracks:accuracy_horizontal></extensions>
</trkpt>
<trkpt lat="42.913806" lon="1.840311">
<ele>625.1</ele>
<time>2026-09-17T19:49:41.054+02:00</time>
<extensions>
<gpxtpx:TrackPointExtension>
<gpxtpx:speed>0.8</gpxtpx:speed>
</gpxtpx:TrackPointExtension>
<opentracks:accuracy_horizontal>1.8</opentracks:accuracy_horizontal></extensions>
</trkpt>
<trkpt lat="42.913875" lon="1.840388">
<ele>626.1</ele>
<time>2026-09-17T19:49:50.065+02:00</time>
<extensions>
<gpxtpx:TrackPointExtension>
<gpxtpx:speed>0.73</gpxtpx:speed>
</gpxtpx:TrackPointExtension>
<opentracks:accuracy_horizontal>1.8</opentracks:accuracy_horizontal></extensions>
</trkpt>
<trkpt lat="42.913951" lon="1.840471">
<ele>626.6</ele>
<time>2026-09-17T19:49:57.11+02:00</time>
<extensions>
<gpxtpx:TrackPointExtension>
<gpxtpx:speed>0.88</gpxtpx:speed>
</gpxtpx:TrackPointExtension>
<opentracks:accuracy_horizontal>1.8</opentracks:accuracy_horizontal></extensions>
</trkpt>
<trkpt lat="42.914018" lon="1.84057">
<ele>627.4</ele>
<time>2026-09-17T19:50:04.065+02:00</time>
<extensions>
<gpxtpx:TrackPointExtension>
<gpxtpx:speed>0.98</gpxtpx:speed>
</gpxtpx:TrackPointExtension>
<opentracks:accuracy_horizontal>1.8</opentracks:accuracy_horizontal></extensions>
</trkpt>
<trkpt lat="42.914086" lon="1.84066">
<ele>626.9</ele>
<time>2026-09-17T19:50:12.058+02:00</time>
<extensions>
<gpxtpx:TrackPointExtension>
<gpxtpx:speed>0.93</gpxtpx:speed>
</gpxtpx:TrackPointExtension>
<opentracks:accuracy_horizontal>1.8</opentracks:accuracy_horizontal></extensions>
</trkpt>
<trkpt lat="42.914155" lon="1.84076">
<ele>626.8</ele>
<time>2026-09-17T19:50:18.055+02:00</time>
<extensions>
<gpxtpx:TrackPointExtension>
<gpxtpx:speed>1.17</gpxtpx:speed>
</gpxtpx:TrackPointExtension>
<opentracks:accuracy_horizontal>1.8</opentracks:accuracy_horizontal></extensions>
</trkpt>
<trkpt lat="42.914218" lon="1.840853">
<ele>626.1</ele>
<time>2026-09-17T19:50:27.07+02:00</time>
<extensions>
<gpxtpx:TrackPointExtension>
<gpxtpx:speed>0.75</gpxtpx:speed>
</gpxtpx:TrackPointExtension>
<opentracks:accuracy_horizontal>1.8</opentracks:accuracy_horizontal></extensions>
</trkpt>
<trkpt lat="42.914296" lon="1.840935">
<ele>624.1</ele>
<time>2026-09-17T19:50:36.046+02:00</time>
<extensions>
<gpxtpx:TrackPointExtension>
<gpxtpx:speed>0.79</gpxtpx:speed>
</gpxtpx:TrackPointExtension>
<opentracks:accuracy_horizontal>1.8</opentracks:accuracy_horizontal></extensions>
</trkpt>
<trkpt lat="42.914336" lon="1.841058">
<ele>624</ele>
<time>2026-09-17T19:50:44.078+02:00</time>
<extensions>
<gpxtpx:TrackPointExtension>
<gpxtpx:speed>0.87</gpxtpx:speed>
</gpxtpx:TrackPointExtension>
<opentracks:accuracy_horizontal>1.9</opentracks:accuracy_horizontal></extensions>
</trkpt>
<trkpt lat="42.91441" lon="1.84113">
<ele>622</ele>
<time>2026-09-17T19:50:53.056+02:00</time>
<extensions>
<gpxtpx:TrackPointExtension>
<gpxtpx:speed>0.69</gpxtpx:speed>
</gpxtpx:TrackPointExtension>
<opentracks:accuracy_horizontal>1.9</opentracks:accuracy_horizontal></extensions>
</trkpt>
<trkpt lat="42.914483" lon="1.841201">
<ele>620.2</ele>
<time>2026-09-17T19:51:01.065+02:00</time>
<extensions>
<gpxtpx:TrackPointExtension>
<gpxtpx:speed>0.75</gpxtpx:speed>
</gpxtpx:TrackPointExtension>
<opentracks:accuracy_horizontal>1.9</opentracks:accuracy_horizontal></extensions>
</trkpt>
<trkpt lat="42.914513" lon="1.841326">
<ele>619.2</ele>
<time>2026-09-17T19:51:09.078+02:00</time>
<extensions>
<gpxtpx:TrackPointExtension>
<gpxtpx:speed>0.71</gpxtpx:speed>
</gpxtpx:TrackPointExtension>
<opentracks:accuracy_horizontal>2</opentracks:accuracy_horizontal></extensions>
</trkpt>
<trkpt lat="42.914543" lon="1.841468">
<ele>617.9</ele>
<time>2026-09-17T19:51:17.083+02:00</time>
<extensions>
<gpxtpx:TrackPointExtension>
<gpxtpx:speed>0.74</gpxtpx:speed>
</gpxtpx:TrackPointExtension>
<opentracks:accuracy_horizontal>2.1</opentracks:accuracy_horizontal></extensions>
</trkpt>
<trkpt lat="42.914609" lon="1.841573">
<ele>617.5</ele>
<time>2026-09-17T19:51:24.052+02:00</time>
<extensions>
<gpxtpx:TrackPointExtension>
<gpxtpx:speed>0.88</gpxtpx:speed>
</gpxtpx:TrackPointExtension>
<opentracks:accuracy_horizontal>2</opentracks:accuracy_horizontal></extensions>
</trkpt>
<trkpt lat="42.914705" lon="1.8416">
<ele>616.7</ele>
<time>2026-09-17T19:51:32.097+02:00</time>
<extensions>
<gpxtpx:TrackPointExtension>
<gpxtpx:speed>0.75</gpxtpx:speed>
</gpxtpx:TrackPointExtension>
<opentracks:accuracy_horizontal>2.1</opentracks:accuracy_horizontal></extensions>
</trkpt>
<trkpt lat="42.914761" lon="1.841698">
<ele>615.7</ele>
<time>2026-09-17T19:51:41.064+02:00</time>
<extensions>
<gpxtpx:TrackPointExtension>
<gpxtpx:speed>0.5</gpxtpx:speed>
</gpxtpx:TrackPointExtension>
<opentracks:accuracy_horizontal>2.2</opentracks:accuracy_horizontal></extensions>
</trkpt>
<trkpt lat="42.914791" lon="1.84183">
<ele>615.4</ele>
<time>2026-09-17T19:51:49.068+02:00</time>
<extensions>
<gpxtpx:TrackPointExtension>
<gpxtpx:speed>0.66</gpxtpx:speed>
</gpxtpx:TrackPointExtension>
<opentracks:accuracy_horizontal>2.1</opentracks:accuracy_horizontal></extensions>
</trkpt>
<trkpt lat="42.914888" lon="1.8419">
<ele>615.7</ele>
<time>2026-09-17T19:51:55.06+02:00</time>
<extensions>
<gpxtpx:TrackPointExtension>
<gpxtpx:speed>0.82</gpxtpx:speed>
</gpxtpx:TrackPointExtension>
<opentracks:accuracy_horizontal>2</opentracks:accuracy_horizontal></extensions>
</trkpt>
<trkpt lat="42.914975" lon="1.84197">
<ele>616.3</ele>
<time>2026-09-17T19:52:01.067+02:00</time>
<extensions>
<gpxtpx:TrackPointExtension>
<gpxtpx:speed>0.73</gpxtpx:speed>
</gpxtpx:TrackPointExtension>
<opentracks:accuracy_horizontal>1.9</opentracks:accuracy_horizontal></extensions>
</trkpt>
<trkpt lat="42.915048" lon="1.842051">
<ele>616.5</ele>
<time>2026-09-17T19:52:09.055+02:00</time>
<extensions>
<gpxtpx:TrackPointExtension>
<gpxtpx:speed>0.67</gpxtpx:speed>
</gpxtpx:TrackPointExtension>
<opentracks:accuracy_horizontal>2</opentracks:accuracy_horizontal></extensions>
</trkpt>
<trkpt lat="42.915141" lon="1.842108">
<ele>616.7</ele>
<time>2026-09-17T19:52:15.055+02:00</time>
<extensions>
<gpxtpx:TrackPointExtension>
<gpxtpx:speed>0.78</gpxtpx:speed>
</gpxtpx:TrackPointExtension>
<opentracks:accuracy_horizontal>1.9</opentracks:accuracy_horizontal></extensions>
</trkpt>
<trkpt lat="42.915224" lon="1.842163">
<ele>616.7</ele>
<time>2026-09-17T19:52:22.083+02:00</time>
<extensions>
<gpxtpx:TrackPointExtension>
<gpxtpx:speed>0.85</gpxtpx:speed>
</gpxtpx:TrackPointExtension>
<opentracks:accuracy_horizontal>1.8</opentracks:accuracy_horizontal></extensions>
</trkpt>
<trkpt lat="42.91532" lon="1.842213">
<ele>617.2</ele>
<time>2026-09-17T19:52:30.06+02:00</time>
<extensions>
<gpxtpx:TrackPointExtension>
<gpxtpx:speed>1.06</gpxtpx:speed>
</gpxtpx:TrackPointExtension>
<opentracks:accuracy_horizontal>1.8</opentracks:accuracy_horizontal></extensions>
</trkpt>
<trkpt lat="42.915389" lon="1.842311">
<ele>618.5</ele>
<time>2026-09-17T19:52:37.065+02:00</time>
<extensions>
<gpxtpx:TrackPointExtension>
<gpxtpx:speed>1.02</gpxtpx:speed>
</gpxtpx:TrackPointExtension>
<opentracks:accuracy_horizontal>1.8</opentracks:accuracy_horizontal></extensions>
</trkpt>
<trkpt lat="42.915473" lon="1.842376">
<ele>619.7</ele>
<time>2026-09-17T19:52:45.066+02:00</time>
<extensions>
<gpxtpx:TrackPointExtension>
<gpxtpx:speed>0.94</gpxtpx:speed>
</gpxtpx:TrackPointExtension>
<opentracks:accuracy_horizontal>1.7</opentracks:accuracy_horizontal></extensions>
</trkpt>
<trkpt lat="42.915546" lon="1.842463">
<ele>621</ele>
<time>2026-09-17T19:52:52.056+02:00</time>
<extensions>
<gpxtpx:TrackPointExtension>
<gpxtpx:speed>0.9</gpxtpx:speed>
</gpxtpx:TrackPointExtension>
<opentracks:accuracy_horizontal>1.7</opentracks:accuracy_horizontal></extensions>
</trkpt>
<trkpt lat="42.91561" lon="1.842555">
<ele>623.2</ele>
<time>2026-09-17T19:52:59.085+02:00</time>
<extensions>
<gpxtpx:TrackPointExtension>
<gpxtpx:speed>0.7</gpxtpx:speed>
</gpxtpx:TrackPointExtension>
<opentracks:accuracy_horizontal>1.5</opentracks:accuracy_horizontal></extensions>
</trkpt>
<trkpt lat="42.915698" lon="1.842618">
<ele>624</ele>
<time>2026-09-17T19:53:07.069+02:00</time>
<extensions>
<gpxtpx:TrackPointExtension>
<gpxtpx:speed>0.91</gpxtpx:speed>
</gpxtpx:TrackPointExtension>
<opentracks:accuracy_horizontal>1.7</opentracks:accuracy_horizontal></extensions>
</trkpt>
<trkpt lat="42.915776" lon="1.842685">
<ele>625.4</ele>
<time>2026-09-17T19:53:13.071+02:00</time>
<extensions>
<gpxtpx:TrackPointExtension>
<gpxtpx:speed>0.99</gpxtpx:speed>
</gpxtpx:TrackPointExtension>
<opentracks:accuracy_horizontal>1.6</opentracks:accuracy_horizontal></extensions>
</trkpt>
<trkpt lat="42.915863" lon="1.842744">
<ele>627.8</ele>
<time>2026-09-17T19:53:20.048+02:00</time>
<extensions>
<gpxtpx:TrackPointExtension>
<gpxtpx:speed>1.24</gpxtpx:speed>
</gpxtpx:TrackPointExtension>
<opentracks:accuracy_horizontal>1.5</opentracks:accuracy_horizontal></extensions>
</trkpt>
<trkpt lat="42.915946" lon="1.842793">
<ele>628.8</ele>
<time>2026-09-17T19:53:27.068+02:00</time>
<extensions>
<gpxtpx:TrackPointExtension>
<gpxtpx:speed>1.05</gpxtpx:speed>
</gpxtpx:TrackPointExtension>
<opentracks:accuracy_horizontal>1.5</opentracks:accuracy_horizontal></extensions>
</trkpt>
<trkpt lat="42.916038" lon="1.842856">
<ele>630.3</ele>
<time>2026-09-17T19:53:34.071+02:00</time>
<extensions>
<gpxtpx:TrackPointExtension>
<gpxtpx:speed>1.14</gpxtpx:speed>
</gpxtpx:TrackPointExtension>
<opentracks:accuracy_horizontal>1.5</opentracks:accuracy_horizontal></extensions>
</trkpt>
<trkpt lat="42.91612" lon="1.842918">
<ele>630.8</ele>
<time>2026-09-17T19:53:41.068+02:00</time>
<extensions>
<gpxtpx:TrackPointExtension>
<gpxtpx:speed>1.32</gpxtpx:speed>
</gpxtpx:TrackPointExtension>
<opentracks:accuracy_horizontal>1.5</opentracks:accuracy_horizontal></extensions>
</trkpt>
<trkpt lat="42.916188" lon="1.843">
<ele>630.5</ele>
<time>2026-09-17T19:53:49.062+02:00</time>
<extensions>
<gpxtpx:TrackPointExtension>
<gpxtpx:speed>1.13</gpxtpx:speed>
</gpxtpx:TrackPointExtension>
<opentracks:accuracy_horizontal>1.4</opentracks:accuracy_horizontal></extensions>
</trkpt>
<trkpt lat="42.916259" lon="1.843074">
<ele>630.1</ele>
<time>2026-09-17T19:53:56.064+02:00</time>
<extensions>
<gpxtpx:TrackPointExtension>
<gpxtpx:speed>1.1</gpxtpx:speed>
</gpxtpx:TrackPointExtension>
<opentracks:accuracy_horizontal>1.5</opentracks:accuracy_horizontal></extensions>
</trkpt>
<trkpt lat="42.916336" lon="1.843148">
<ele>629.7</ele>
<time>2026-09-17T19:54:03.081+02:00</time>
<extensions>
<gpxtpx:TrackPointExtension>
<gpxtpx:speed>1.28</gpxtpx:speed>
</gpxtpx:TrackPointExtension>
<opentracks:accuracy_horizontal>1.5</opentracks:accuracy_horizontal></extensions>
</trkpt>
<trkpt lat="42.916421" lon="1.84322">
<ele>629.7</ele>
<time>2026-09-17T19:54:11.054+02:00</time>
<extensions>
<gpxtpx:TrackPointExtension>
<gpxtpx:speed>1.19</gpxtpx:speed>
</gpxtpx:TrackPointExtension>
<opentracks:accuracy_horizontal>1.6</opentracks:accuracy_horizontal></extensions>
</trkpt>
<trkpt lat="42.916516" lon="1.84326">
<ele>629.7</ele>
<time>2026-09-17T19:54:19.062+02:00</time>
<extensions>
<gpxtpx:TrackPointExtension>
<gpxtpx:speed>1.04</gpxtpx:speed>
</gpxtpx:TrackPointExtension>
<opentracks:accuracy_horizontal>1.6</opentracks:accuracy_horizontal></extensions>
</trkpt>
<trkpt lat="42.916608" lon="1.843319">
<ele>629.3</ele>
<time>2026-09-17T19:54:28.074+02:00</time>
<extensions>
<gpxtpx:TrackPointExtension>
<gpxtpx:speed>1.02</gpxtpx:speed>
</gpxtpx:TrackPointExtension>
<opentracks:accuracy_horizontal>1.6</opentracks:accuracy_horizontal></extensions>
</trkpt>
<trkpt lat="42.916698" lon="1.843356">
<ele>629.2</ele>
<time>2026-09-17T19:54:35.061+02:00</time>
<extensions>
<gpxtpx:TrackPointExtension>
<gpxtpx:speed>0.95</gpxtpx:speed>
</gpxtpx:TrackPointExtension>
<opentracks:accuracy_horizontal>1.5</opentracks:accuracy_horizontal></extensions>
</trkpt>
<trkpt lat="42.916781" lon="1.843423">
<ele>628.6</ele>
<time>2026-09-17T19:54:42.074+02:00</time>
<extensions>
<gpxtpx:TrackPointExtension>
<gpxtpx:speed>1.21</gpxtpx:speed>
</gpxtpx:TrackPointExtension>
<opentracks:accuracy_horizontal>1.5</opentracks:accuracy_horizontal></extensions>
</trkpt>
<trkpt lat="42.91685" lon="1.84351">
<ele>627.4</ele>
<time>2026-09-17T19:54:51.065+02:00</time>
<extensions>
<gpxtpx:TrackPointExtension>
<gpxtpx:speed>1.06</gpxtpx:speed>
</gpxtpx:TrackPointExtension>
<opentracks:accuracy_horizontal>1.6</opentracks:accuracy_horizontal></extensions>
</trkpt>
<trkpt lat="42.916925" lon="1.843585">
<ele>627.1</ele>
<time>2026-09-17T19:54:58.064+02:00</time>
<extensions>
<gpxtpx:TrackPointExtension>
<gpxtpx:speed>0.97</gpxtpx:speed>
</gpxtpx:TrackPointExtension>
<opentracks:accuracy_horizontal>1.5</opentracks:accuracy_horizontal></extensions>
</trkpt>
<trkpt lat="42.916996" lon="1.843663">
<ele>626.5</ele>
<time>2026-09-17T19:55:05.063+02:00</time>
<extensions>
<gpxtpx:TrackPointExtension>
<gpxtpx:speed>1.21</gpxtpx:speed>
</gpxtpx:TrackPointExtension>
<opentracks:accuracy_horizontal>1.5</opentracks:accuracy_horizontal></extensions>
</trkpt>
<trkpt lat="42.917068" lon="1.843744">
<ele>625.6</ele>
<time>2026-09-17T19:55:12.075+02:00</time>
<extensions>
<gpxtpx:TrackPointExtension>
<gpxtpx:speed>1.28</gpxtpx:speed>
</gpxtpx:TrackPointExtension>
<opentracks:accuracy_horizontal>1.5</opentracks:accuracy_horizontal></extensions>
</trkpt>
<trkpt lat="42.917133" lon="1.843833">
<ele>625.4</ele>
<time>2026-09-17T19:55:19.059+02:00</time>
<extensions>
<gpxtpx:TrackPointExtension>
<gpxtpx:speed>1.29</gpxtpx:speed>
</gpxtpx:TrackPointExtension>
<opentracks:accuracy_horizontal>1.4</opentracks:accuracy_horizontal></extensions>
</trkpt>
<trkpt lat="42.9172" lon="1.84392">
<ele>626.1</ele>
<time>2026-09-17T19:55:26.078+02:00</time>
<extensions>
<gpxtpx:TrackPointExtension>
<gpxtpx:speed>1.35</gpxtpx:speed>
</gpxtpx:TrackPointExtension>
<opentracks:accuracy_horizontal>1.4</opentracks:accuracy_horizontal></extensions>
</trkpt>
<trkpt lat="42.917271" lon="1.844005">
<ele>626.9</ele>
<time>2026-09-17T19:55:34.071+02:00</time>
<extensions>
<gpxtpx:TrackPointExtension>
<gpxtpx:speed>1.25</gpxtpx:speed>
</gpxtpx:TrackPointExtension>
<opentracks:accuracy_horizontal>1.4</opentracks:accuracy_horizontal></extensions>
</trkpt>
<trkpt lat="42.917359" lon="1.844065">
<ele>627.6</ele>
<time>2026-09-17T19:55:42.061+02:00</time>
<extensions>
<gpxtpx:TrackPointExtension>
<gpxtpx:speed>1.17</gpxtpx:speed>
</gpxtpx:TrackPointExtension>
<opentracks:accuracy_horizontal>1.4</opentracks:accuracy_horizontal></extensions>
</trkpt>
<trkpt lat="42.917445" lon="1.844136">
<ele>628.1</ele>
<time>2026-09-17T19:55:50.073+02:00</time>
<extensions>
<gpxtpx:TrackPointExtension>
<gpxtpx:speed>1.38</gpxtpx:speed>
</gpxtpx:TrackPointExtension>
<opentracks:accuracy_horizontal>1.4</opentracks:accuracy_horizontal></extensions>
</trkpt>
<trkpt lat="42.917524" lon="1.844193">
<ele>627.7</ele>
<time>2026-09-17T19:55:58.061+02:00</time>
<extensions>
<gpxtpx:TrackPointExtension>
<gpxtpx:speed>1.23</gpxtpx:speed>
</gpxtpx:TrackPointExtension>
<opentracks:accuracy_horizontal>1.4</opentracks:accuracy_horizontal></extensions>
</trkpt>
<trkpt lat="42.917606" lon="1.844253">
<ele>626.4</ele>
<time>2026-09-17T19:56:06.078+02:00</time>
<extensions>
<gpxtpx:TrackPointExtension>
<gpxtpx:speed>1.27</gpxtpx:speed>
</gpxtpx:TrackPointExtension>
<opentracks:accuracy_horizontal>1.4</opentracks:accuracy_horizontal></extensions>
</trkpt>
<trkpt lat="42.917683" lon="1.844321">
<ele>624.7</ele>
<time>2026-09-17T19:56:15.059+02:00</time>
<extensions>
<gpxtpx:TrackPointExtension>
<gpxtpx:speed>1.18</gpxtpx:speed>
</gpxtpx:TrackPointExtension>
<opentracks:accuracy_horizontal>1.4</opentracks:accuracy_horizontal></extensions>
</trkpt>
<trkpt lat="42.917756" lon="1.844396">
<ele>624.8</ele>
<time>2026-09-17T19:56:22.06+02:00</time>
<extensions>
<gpxtpx:TrackPointExtension>
<gpxtpx:speed>1.18</gpxtpx:speed>
</gpxtpx:TrackPointExtension>
<opentracks:accuracy_horizontal>1.3</opentracks:accuracy_horizontal></extensions>
</trkpt>
<trkpt lat="42.917836" lon="1.844473">
<ele>625.7</ele>
<time>2026-09-17T19:56:29.059+02:00</time>
<extensions>
<gpxtpx:TrackPointExtension>
<gpxtpx:speed>1.23</gpxtpx:speed>
</gpxtpx:TrackPointExtension>
<opentracks:accuracy_horizontal>1.3</opentracks:accuracy_horizontal></extensions>
</trkpt>
<trkpt lat="42.917921" lon="1.84452">
<ele>625.2</ele>
<time>2026-09-17T19:56:36.063+02:00</time>
<extensions>
<gpxtpx:TrackPointExtension>
<gpxtpx:speed>1.15</gpxtpx:speed>
</gpxtpx:TrackPointExtension>
<opentracks:accuracy_horizontal>1.4</opentracks:accuracy_horizontal></extensions>
</trkpt>
<trkpt lat="42.918001" lon="1.84458">
<ele>624.4</ele>
<time>2026-09-17T19:56:43.062+02:00</time>
<extensions>
<gpxtpx:TrackPointExtension>
<gpxtpx:speed>1.18</gpxtpx:speed>
</gpxtpx:TrackPointExtension>
<opentracks:accuracy_horizontal>1.4</opentracks:accuracy_horizontal></extensions>
</trkpt>
<trkpt lat="42.91809" lon="1.844641">
<ele>624.7</ele>
<time>2026-09-17T19:56:51.064+02:00</time>
<extensions>
<gpxtpx:TrackPointExtension>
<gpxtpx:speed>1.26</gpxtpx:speed>
</gpxtpx:TrackPointExtension>
<opentracks:accuracy_horizontal>1.3</opentracks:accuracy_horizontal></extensions>
</trkpt>
<trkpt lat="42.918175" lon="1.844704">
<ele>623.6</ele>
<time>2026-09-17T19:56:59.046+02:00</time>
<extensions>
<gpxtpx:TrackPointExtension>
<gpxtpx:speed>1.2</gpxtpx:speed>
</gpxtpx:TrackPointExtension>
<opentracks:accuracy_horizontal>1.4</opentracks:accuracy_horizontal></extensions>
</trkpt>
<trkpt lat="42.918246" lon="1.844781">
<ele>622.8</ele>
<time>2026-09-17T19:57:06.066+02:00</time>
<extensions>
<gpxtpx:TrackPointExtension>
<gpxtpx:speed>1.22</gpxtpx:speed>
</gpxtpx:TrackPointExtension>
<opentracks:accuracy_horizontal>1.3</opentracks:accuracy_horizontal></extensions>
</trkpt>
<trkpt lat="42.918331" lon="1.844823">
<ele>624.1</ele>
<time>2026-09-17T19:57:13.05+02:00</time>
<extensions>
<gpxtpx:TrackPointExtension>
<gpxtpx:speed>1.14</gpxtpx:speed>
</gpxtpx:TrackPointExtension>
<opentracks:accuracy_horizontal>1.5</opentracks:accuracy_horizontal></extensions>
</trkpt>
<trkpt lat="42.918416" lon="1.844861">
<ele>624.4</ele>
<time>2026-09-17T19:57:23.029+02:00</time>
<extensions>
<gpxtpx:TrackPointExtension>
<gpxtpx:speed>0.81</gpxtpx:speed>
</gpxtpx:TrackPointExtension>
<opentracks:accuracy_horizontal>1.6</opentracks:accuracy_horizontal></extensions>
</trkpt>
<trkpt lat="42.91851" lon="1.844868">
<ele>624.1</ele>
<time>2026-09-17T19:57:33.035+02:00</time>
<extensions>
<gpxtpx:TrackPointExtension>
<gpxtpx:speed>0.69</gpxtpx:speed>
</gpxtpx:TrackPointExtension>
<opentracks:accuracy_horizontal>1.5</opentracks:accuracy_horizontal></extensions>
</trkpt>
<trkpt lat="42.918598" lon="1.844871">
<ele>623.6</ele>
<time>2026-09-17T19:57:42.071+02:00</time>
<extensions>
<gpxtpx:TrackPointExtension>
<gpxtpx:speed>0.88</gpxtpx:speed>
</gpxtpx:TrackPointExtension>
<opentracks:accuracy_horizontal>1.9</opentracks:accuracy_horizontal></extensions>
</trkpt>
<trkpt lat="42.918693" lon="1.844908">
<ele>622.8</ele>
<time>2026-09-17T19:57:54.069+02:00</time>
<extensions>
<gpxtpx:TrackPointExtension>
<gpxtpx:speed>0.53</gpxtpx:speed>
</gpxtpx:TrackPointExtension>
<opentracks:accuracy_horizontal>2</opentracks:accuracy_horizontal></extensions>
</trkpt>
<trkpt lat="42.918783" lon="1.844916">
<ele>623</ele>
<time>2026-09-17T19:58:00.063+02:00</time>
<extensions>
<gpxtpx:TrackPointExtension>
<gpxtpx:speed>0.87</gpxtpx:speed>
</gpxtpx:TrackPointExtension>
<opentracks:accuracy_horizontal>1.8</opentracks:accuracy_horizontal></extensions>
</trkpt>
<trkpt lat="42.91887" lon="1.84495">
<ele>622.6</ele>
<time>2026-09-17T19:58:07.072+02:00</time>
<extensions>
<gpxtpx:TrackPointExtension>
<gpxtpx:speed>0.97</gpxtpx:speed>
</gpxtpx:TrackPointExtension>
<opentracks:accuracy_horizontal>1.9</opentracks:accuracy_horizontal></extensions>
</trkpt>
<trkpt lat="42.91896" lon="1.844965">
<ele>621.6</ele>
<time>2026-09-17T19:58:15.066+02:00</time>
<extensions>
<gpxtpx:TrackPointExtension>
<gpxtpx:speed>0.85</gpxtpx:speed>
</gpxtpx:TrackPointExtension>
<opentracks:accuracy_horizontal>1.8</opentracks:accuracy_horizontal></extensions>
</trkpt>
<trkpt lat="42.91905" lon="1.844958">
<ele>620.6</ele>
<time>2026-09-17T19:58:22.064+02:00</time>
<extensions>
<gpxtpx:TrackPointExtension>
<gpxtpx:speed>0.91</gpxtpx:speed>
</gpxtpx:TrackPointExtension>
<opentracks:accuracy_horizontal>1.8</opentracks:accuracy_horizontal></extensions>
</trkpt>
<trkpt lat="42.919136" lon="1.844961">
<ele>619</ele>
<time>2026-09-17T19:58:31.053+02:00</time>
<extensions>
<gpxtpx:TrackPointExtension>
<gpxtpx:speed>0.78</gpxtpx:speed>
</gpxtpx:TrackPointExtension>
<opentracks:accuracy_horizontal>1.8</opentracks:accuracy_horizontal></extensions>
</trkpt>
<trkpt lat="42.91923" lon="1.844955">
<ele>617</ele>
<time>2026-09-17T19:58:42.063+02:00</time>
<extensions>
<gpxtpx:TrackPointExtension>
<gpxtpx:speed>0.59</gpxtpx:speed>
</gpxtpx:TrackPointExtension>
<opentracks:accuracy_horizontal>1.9</opentracks:accuracy_horizontal></extensions>
</trkpt>
<trkpt lat="42.919326" lon="1.844933">
<ele>614.9</ele>
<time>2026-09-17T19:58:51.059+02:00</time>
<extensions>
<gpxtpx:TrackPointExtension>
<gpxtpx:speed>0.71</gpxtpx:speed>
</gpxtpx:TrackPointExtension>
<opentracks:accuracy_horizontal>2</opentracks:accuracy_horizontal></extensions>
</trkpt>
<trkpt lat="42.919416" lon="1.844933">
<ele>612.5</ele>
<time>2026-09-17T19:59:01.062+02:00</time>
<extensions>
<gpxtpx:TrackPointExtension>
<gpxtpx:speed>0.75</gpxtpx:speed>
</gpxtpx:TrackPointExtension>
<opentracks:accuracy_horizontal>2.1</opentracks:accuracy_horizontal></extensions>
</trkpt>
<trkpt lat="42.919506" lon="1.844958">
<ele>610.3</ele>
<time>2026-09-17T19:59:10.068+02:00</time>
<extensions>
<gpxtpx:TrackPointExtension>
<gpxtpx:speed>0.77</gpxtpx:speed>
</gpxtpx:TrackPointExtension>
<opentracks:accuracy_horizontal>2.1</opentracks:accuracy_horizontal></extensions>
</trkpt>
<trkpt lat="42.9196" lon="1.844988">
<ele>608.6</ele>
<time>2026-09-17T19:59:16.065+02:00</time>
<extensions>
<gpxtpx:TrackPointExtension>
<gpxtpx:speed>1.02</gpxtpx:speed>
</gpxtpx:TrackPointExtension>
<opentracks:accuracy_horizontal>2</opentracks:accuracy_horizontal></extensions>
</trkpt>
<trkpt lat="42.919698" lon="1.844988">
<ele>606.8</ele>
<time>2026-09-17T19:59:24.073+02:00</time>
<extensions>
<gpxtpx:TrackPointExtension>
<gpxtpx:speed>0.87</gpxtpx:speed>
</gpxtpx:TrackPointExtension>
<opentracks:accuracy_horizontal>2.1</opentracks:accuracy_horizontal></extensions>
</trkpt>
<trkpt lat="42.919783" lon="1.845001">
<ele>604.8</ele>
<time>2026-09-17T19:59:34.061+02:00</time>
<extensions>
<gpxtpx:TrackPointExtension>
<gpxtpx:speed>0.63</gpxtpx:speed>
</gpxtpx:TrackPointExtension>
<opentracks:accuracy_horizontal>2</opentracks:accuracy_horizontal></extensions>
</trkpt>
<trkpt lat="42.919873" lon="1.845011">
<ele>603.3</ele>
<time>2026-09-17T19:59:42.06+02:00</time>
<extensions>
<gpxtpx:TrackPointExtension>
<gpxtpx:speed>0.7</gpxtpx:speed>
</gpxtpx:TrackPointExtension>
<opentracks:accuracy_horizontal>2</opentracks:accuracy_horizontal></extensions>
</trkpt>
<trkpt lat="42.919966" lon="1.845014">
<ele>600.8</ele>
<time>2026-09-17T19:59:52.061+02:00</time>
<extensions>
<gpxtpx:TrackPointExtension>
<gpxtpx:speed>0.68</gpxtpx:speed>
</gpxtpx:TrackPointExtension>
<opentracks:accuracy_horizontal>2</opentracks:accuracy_horizontal></extensions>
</trkpt>
<trkpt lat="42.92005" lon="1.845083">
<ele>599</ele>
<time>2026-09-17T20:00:02.051+02:00</time>
<extensions>
<gpxtpx:TrackPointExtension>
<gpxtpx:speed>0.39</gpxtpx:speed>
</gpxtpx:TrackPointExtension>
<opentracks:accuracy_horizontal>2.1</opentracks:accuracy_horizontal></extensions>
</trkpt>
<trkpt lat="42.920148" lon="1.845136">
<ele>598.9</ele>
<time>2026-09-17T20:00:09.063+02:00</time>
<extensions>
<gpxtpx:TrackPointExtension>
<gpxtpx:speed>0.73</gpxtpx:speed>
</gpxtpx:TrackPointExtension>
<opentracks:accuracy_horizontal>2.1</opentracks:accuracy_horizontal></extensions>
</trkpt>
<trkpt lat="42.920246" lon="1.845181">
<ele>598.4</ele>
<time>2026-09-17T20:00:16.067+02:00</time>
<extensions>
<gpxtpx:TrackPointExtension>
<gpxtpx:speed>1</gpxtpx:speed>
</gpxtpx:TrackPointExtension>
<opentracks:accuracy_horizontal>2.1</opentracks:accuracy_horizontal></extensions>
</trkpt>
<trkpt lat="42.920336" lon="1.845223">
<ele>598.1</ele>
<time>2026-09-17T20:00:23.054+02:00</time>
<extensions>
<gpxtpx:TrackPointExtension>
<gpxtpx:speed>1.24</gpxtpx:speed>
</gpxtpx:TrackPointExtension>
<opentracks:accuracy_horizontal>2</opentracks:accuracy_horizontal></extensions>
</trkpt>
<trkpt lat="42.920436" lon="1.84525">
<ele>597.4</ele>
<time>2026-09-17T20:00:30.076+02:00</time>
<extensions>
<gpxtpx:TrackPointExtension>
<gpxtpx:speed>1.26</gpxtpx:speed>
</gpxtpx:TrackPointExtension>
<opentracks:accuracy_horizontal>2</opentracks:accuracy_horizontal></extensions>
</trkpt>
<trkpt lat="42.920536" lon="1.845236">
<ele>596.5</ele>
<time>2026-09-17T20:00:37.071+02:00</time>
<extensions>
<gpxtpx:TrackPointExtension>
<gpxtpx:speed>1.14</gpxtpx:speed>
</gpxtpx:TrackPointExtension>
<opentracks:accuracy_horizontal>2.1</opentracks:accuracy_horizontal></extensions>
</trkpt>
<trkpt lat="42.920628" lon="1.845255">
<ele>596.2</ele>
<time>2026-09-17T20:00:43.056+02:00</time>
<extensions>
<gpxtpx:TrackPointExtension>
<gpxtpx:speed>1.21</gpxtpx:speed>
</gpxtpx:TrackPointExtension>
<opentracks:accuracy_horizontal>2.1</opentracks:accuracy_horizontal></extensions>
</trkpt>
<trkpt lat="42.920721" lon="1.845284">
<ele>595.4</ele>
<time>2026-09-17T20:00:51.062+02:00</time>
<extensions>
<gpxtpx:TrackPointExtension>
<gpxtpx:speed>1.32</gpxtpx:speed>
</gpxtpx:TrackPointExtension>
<opentracks:accuracy_horizontal>2</opentracks:accuracy_horizontal></extensions>
</trkpt>
<trkpt lat="42.920809" lon="1.845321">
<ele>594.8</ele>
<time>2026-09-17T20:00:59.057+02:00</time>
<extensions>
<gpxtpx:TrackPointExtension>
<gpxtpx:speed>1.29</gpxtpx:speed>
</gpxtpx:TrackPointExtension>
<opentracks:accuracy_horizontal>2</opentracks:accuracy_horizontal></extensions>
</trkpt>
<trkpt lat="42.920893" lon="1.845386">
<ele>594.6</ele>
<time>2026-09-17T20:01:07.064+02:00</time>
<extensions>
<gpxtpx:TrackPointExtension>
<gpxtpx:speed>1.34</gpxtpx:speed>
</gpxtpx:TrackPointExtension>
<opentracks:accuracy_horizontal>2</opentracks:accuracy_horizontal></extensions>
</trkpt>
<trkpt lat="42.920981" lon="1.845426">
<ele>595.2</ele>
<time>2026-09-17T20:01:16.063+02:00</time>
<extensions>
<gpxtpx:TrackPointExtension>
<gpxtpx:speed>1.27</gpxtpx:speed>
</gpxtpx:TrackPointExtension>
<opentracks:accuracy_horizontal>1.9</opentracks:accuracy_horizontal></extensions>
</trkpt>
<trkpt lat="42.921075" lon="1.845461">
<ele>594.7</ele>
<time>2026-09-17T20:01:24.054+02:00</time>
<extensions>
<gpxtpx:TrackPointExtension>
<gpxtpx:speed>1.33</gpxtpx:speed>
</gpxtpx:TrackPointExtension>
<opentracks:accuracy_horizontal>1.9</opentracks:accuracy_horizontal></extensions>
</trkpt>
<trkpt lat="42.921163" lon="1.845496">
<ele>595.2</ele>
<time>2026-09-17T20:01:31.059+02:00</time>
<extensions>
<gpxtpx:TrackPointExtension>
<gpxtpx:speed>1.36</gpxtpx:speed>
</gpxtpx:TrackPointExtension>
<opentracks:accuracy_horizontal>2</opentracks:accuracy_horizontal></extensions>
</trkpt>
<trkpt lat="42.921253" lon="1.845526">
<ele>595</ele>
<time>2026-09-17T20:01:38.062+02:00</time>
<extensions>
<gpxtpx:TrackPointExtension>
<gpxtpx:speed>1.36</gpxtpx:speed>
</gpxtpx:TrackPointExtension>
<opentracks:accuracy_horizontal>2</opentracks:accuracy_horizontal></extensions>
</trkpt>
<trkpt lat="42.921341" lon="1.845565">
<ele>594.2</ele>
<time>2026-09-17T20:01:45.061+02:00</time>
<extensions>
<gpxtpx:TrackPointExtension>
<gpxtpx:speed>1.34</gpxtpx:speed>
</gpxtpx:TrackPointExtension>
<opentracks:accuracy_horizontal>1.9</opentracks:accuracy_horizontal></extensions>
</trkpt>
<trkpt lat="42.921429" lon="1.845601">
<ele>593.8</ele>
<time>2026-09-17T20:01:54.066+02:00</time>
<extensions>
<gpxtpx:TrackPointExtension>
<gpxtpx:speed>1.24</gpxtpx:speed>
</gpxtpx:TrackPointExtension>
<opentracks:accuracy_horizontal>1.9</opentracks:accuracy_horizontal></extensions>
</trkpt>
<trkpt lat="42.921501" lon="1.845681">
<ele>595.2</ele>
<time>2026-09-17T20:02:02.061+02:00</time>
<extensions>
<gpxtpx:TrackPointExtension>
<gpxtpx:speed>1.13</gpxtpx:speed>
</gpxtpx:TrackPointExtension>
<opentracks:accuracy_horizontal>2</opentracks:accuracy_horizontal></extensions>
</trkpt>
<trkpt lat="42.921593" lon="1.845708">
<ele>594.7</ele>
<time>2026-09-17T20:02:08.056+02:00</time>
<extensions>
<gpxtpx:TrackPointExtension>
<gpxtpx:speed>1.32</gpxtpx:speed>
</gpxtpx:TrackPointExtension>
<opentracks:accuracy_horizontal>1.9</opentracks:accuracy_horizontal></extensions>
</trkpt>
<trkpt lat="42.921696" lon="1.845683">
<ele>593.3</ele>
<time>2026-09-17T20:02:14.058+02:00</time>
<extensions>
<gpxtpx:TrackPointExtension>
<gpxtpx:speed>1.37</gpxtpx:speed>
</gpxtpx:TrackPointExtension>
<opentracks:accuracy_horizontal>2</opentracks:accuracy_horizontal></extensions>
</trkpt>
<trkpt lat="42.921793" lon="1.845701">
<ele>591.1</ele>
<time>2026-09-17T20:02:21.065+02:00</time>
<extensions>
<gpxtpx:TrackPointExtension>
<gpxtpx:speed>1.25</gpxtpx:speed>
</gpxtpx:TrackPointExtension>
<opentracks:accuracy_horizontal>2</opentracks:accuracy_horizontal></extensions>
</trkpt>
<trkpt lat="42.921881" lon="1.845754">
<ele>590.6</ele>
<time>2026-09-17T20:02:29.075+02:00</time>
<extensions>
<gpxtpx:TrackPointExtension>
<gpxtpx:speed>1.21</gpxtpx:speed>
</gpxtpx:TrackPointExtension>
<opentracks:accuracy_horizontal>1.9</opentracks:accuracy_horizontal></extensions>
</trkpt>
<trkpt lat="42.921978" lon="1.845783">
<ele>592.4</ele>
<time>2026-09-17T20:02:36.06+02:00</time>
<extensions>
<gpxtpx:TrackPointExtension>
<gpxtpx:speed>1.34</gpxtpx:speed>
</gpxtpx:TrackPointExtension>
<opentracks:accuracy_horizontal>1.8</opentracks:accuracy_horizontal></extensions>
</trkpt>
<trkpt lat="42.92207" lon="1.845826">
<ele>593.2</ele>
<time>2026-09-17T20:02:44.063+02:00</time>
<extensions>
<gpxtpx:TrackPointExtension>
<gpxtpx:speed>1.32</gpxtpx:speed>
</gpxtpx:TrackPointExtension>
<opentracks:accuracy_horizontal>1.9</opentracks:accuracy_horizontal></extensions>
</trkpt>
<trkpt lat="42.922158" lon="1.845865">
<ele>593.8</ele>
<time>2026-09-17T20:02:51.066+02:00</time>
<extensions>
<gpxtpx:TrackPointExtension>
<gpxtpx:speed>1.28</gpxtpx:speed>
</gpxtpx:TrackPointExtension>
<opentracks:accuracy_horizontal>1.9</opentracks:accuracy_horizontal></extensions>
</trkpt>
<trkpt lat="42.92226" lon="1.845848">
<ele>595</ele>
<time>2026-09-17T20:02:59.057+02:00</time>
<extensions>
<gpxtpx:TrackPointExtension>
<gpxtpx:speed>1.25</gpxtpx:speed>
</gpxtpx:TrackPointExtension>
<opentracks:accuracy_horizontal>1.8</opentracks:accuracy_horizontal></extensions>
</trkpt>
<trkpt lat="42.92236" lon="1.845856">
<ele>595.3</ele>
<time>2026-09-17T20:03:07.063+02:00</time>
<extensions>
<gpxtpx:TrackPointExtension>
<gpxtpx:speed>1.26</gpxtpx:speed>
</gpxtpx:TrackPointExtension>
<opentracks:accuracy_horizontal>1.8</opentracks:accuracy_horizontal></extensions>
</trkpt>
<trkpt lat="42.922458" lon="1.845866">
<ele>594.5</ele>
<time>2026-09-17T20:03:16.059+02:00</time>
<extensions>
<gpxtpx:TrackPointExtension>
<gpxtpx:speed>1.25</gpxtpx:speed>
</gpxtpx:TrackPointExtension>
<opentracks:accuracy_horizontal>1.7</opentracks:accuracy_horizontal></extensions>
</trkpt>
<trkpt lat="42.922556" lon="1.845871">
<ele>594.1</ele>
<time>2026-09-17T20:03:25.058+02:00</time>
<extensions>
<gpxtpx:TrackPointExtension>
<gpxtpx:speed>1.25</gpxtpx:speed>
</gpxtpx:TrackPointExtension>
<opentracks:accuracy_horizontal>1.7</opentracks:accuracy_horizontal></extensions>
</trkpt>
<trkpt lat="42.922653" lon="1.845836">
<ele>592.5</ele>
<time>2026-09-17T20:03:35.063+02:00</time>
<extensions>
<gpxtpx:TrackPointExtension>
<gpxtpx:speed>1</gpxtpx:speed>
</gpxtpx:TrackPointExtension>
<opentracks:accuracy_horizontal>1.7</opentracks:accuracy_horizontal></extensions>
</trkpt>
<trkpt lat="42.922751" lon="1.845801">
<ele>591.5</ele>
<time>2026-09-17T20:03:42.066+02:00</time>
<extensions>
<gpxtpx:TrackPointExtension>
<gpxtpx:speed>1.18</gpxtpx:speed>
</gpxtpx:TrackPointExtension>
<opentracks:accuracy_horizontal>1.7</opentracks:accuracy_horizontal></extensions>
</trkpt>
<trkpt lat="42.922845" lon="1.845783">
<ele>590.7</ele>
<time>2026-09-17T20:03:49.075+02:00</time>
<extensions>
<gpxtpx:TrackPointExtension>
<gpxtpx:speed>1.1</gpxtpx:speed>
</gpxtpx:TrackPointExtension>
<opentracks:accuracy_horizontal>1.7</opentracks:accuracy_horizontal></extensions>
</trkpt>
<trkpt lat="42.922938" lon="1.845783">
<ele>590.7</ele>
<time>2026-09-17T20:03:57.076+02:00</time>
<extensions>
<gpxtpx:TrackPointExtension>
<gpxtpx:speed>1.09</gpxtpx:speed>
</gpxtpx:TrackPointExtension>
<opentracks:accuracy_horizontal>1.7</opentracks:accuracy_horizontal></extensions>
</trkpt>
<trkpt lat="42.923031" lon="1.845783">
<ele>590.9</ele>
<time>2026-09-17T20:04:04.069+02:00</time>
<extensions>
<gpxtpx:TrackPointExtension>
<gpxtpx:speed>1.16</gpxtpx:speed>
</gpxtpx:TrackPointExtension>
<opentracks:accuracy_horizontal>1.8</opentracks:accuracy_horizontal></extensions>
</trkpt>
<trkpt lat="42.923123" lon="1.845791">
<ele>591.7</ele>
<time>2026-09-17T20:04:11.07+02:00</time>
<extensions>
<gpxtpx:TrackPointExtension>
<gpxtpx:speed>1.16</gpxtpx:speed>
</gpxtpx:TrackPointExtension>
<opentracks:accuracy_horizontal>1.8</opentracks:accuracy_horizontal></extensions>
</trkpt>
<trkpt lat="42.923223" lon="1.845801">
<ele>593.1</ele>
<time>2026-09-17T20:04:19.073+02:00</time>
<extensions>
<gpxtpx:TrackPointExtension>
<gpxtpx:speed>1.24</gpxtpx:speed>
</gpxtpx:TrackPointExtension>
<opentracks:accuracy_horizontal>1.8</opentracks:accuracy_horizontal></extensions>
</trkpt>
<trkpt lat="42.923321" lon="1.845821">
<ele>593.8</ele>
<time>2026-09-17T20:04:27.065+02:00</time>
<extensions>
<gpxtpx:TrackPointExtension>
<gpxtpx:speed>1.23</gpxtpx:speed>
</gpxtpx:TrackPointExtension>
<opentracks:accuracy_horizontal>1.8</opentracks:accuracy_horizontal></extensions>
</trkpt>
<trkpt lat="42.92341" lon="1.845846">
<ele>594.5</ele>
<time>2026-09-17T20:04:34.067+02:00</time>
<extensions>
<gpxtpx:TrackPointExtension>
<gpxtpx:speed>1.23</gpxtpx:speed>
</gpxtpx:TrackPointExtension>
<opentracks:accuracy_horizontal>1.8</opentracks:accuracy_horizontal></extensions>
</trkpt>
<trkpt lat="42.923506" lon="1.845893">
<ele>594.7</ele>
<time>2026-09-17T20:04:42.061+02:00</time>
<extensions>
<gpxtpx:TrackPointExtension>
<gpxtpx:speed>1.28</gpxtpx:speed>
</gpxtpx:TrackPointExtension>
<opentracks:accuracy_horizontal>1.9</opentracks:accuracy_horizontal></extensions>
</trkpt>
<trkpt lat="42.9236" lon="1.845929">
<ele>595.4</ele>
<time>2026-09-17T20:04:49.068+02:00</time>
<extensions>
<gpxtpx:TrackPointExtension>
<gpxtpx:speed>1.32</gpxtpx:speed>
</gpxtpx:TrackPointExtension>
<opentracks:accuracy_horizontal>1.8</opentracks:accuracy_horizontal></extensions>
</trkpt>
<trkpt lat="42.923691" lon="1.845953">
<ele>595.5</ele>
<time>2026-09-17T20:04:56.077+02:00</time>
<extensions>
<gpxtpx:TrackPointExtension>
<gpxtpx:speed>1.4</gpxtpx:speed>
</gpxtpx:TrackPointExtension>
<opentracks:accuracy_horizontal>1.8</opentracks:accuracy_horizontal></extensions>
</trkpt>
<trkpt lat="42.923781" lon="1.845975">
<ele>595.2</ele>
<time>2026-09-17T20:05:04.053+02:00</time>
<extensions>
<gpxtpx:TrackPointExtension>
<gpxtpx:speed>1.31</gpxtpx:speed>
</gpxtpx:TrackPointExtension>
<opentracks:accuracy_horizontal>1.8</opentracks:accuracy_horizontal></extensions>
</trkpt>
<trkpt lat="42.923866" lon="1.846025">
<ele>594.9</ele>
<time>2026-09-17T20:05:13.058+02:00</time>
<extensions>
<gpxtpx:TrackPointExtension>
<gpxtpx:speed>1.28</gpxtpx:speed>
</gpxtpx:TrackPointExtension>
<opentracks:accuracy_horizontal>1.7</opentracks:accuracy_horizontal></extensions>
</trkpt>
<trkpt lat="42.92395" lon="1.846086">
<ele>596.2</ele>
<time>2026-09-17T20:05:21.047+02:00</time>
<extensions>
<gpxtpx:TrackPointExtension>
<gpxtpx:speed>1.3</gpxtpx:speed>
</gpxtpx:TrackPointExtension>
<opentracks:accuracy_horizontal>1.7</opentracks:accuracy_horizontal></extensions>
</trkpt>
<trkpt lat="42.924031" lon="1.846168">
<ele>597.4</ele>
<time>2026-09-17T20:05:30.063+02:00</time>
<extensions>
<gpxtpx:TrackPointExtension>
<gpxtpx:speed>1.12</gpxtpx:speed>
</gpxtpx:TrackPointExtension>
<opentracks:accuracy_horizontal>1.9</opentracks:accuracy_horizontal></extensions>
</trkpt>
<trkpt lat="42.924111" lon="1.846229">
<ele>597.9</ele>
<time>2026-09-17T20:05:37.063+02:00</time>
<extensions>
<gpxtpx:TrackPointExtension>
<gpxtpx:speed>1.09</gpxtpx:speed>
</gpxtpx:TrackPointExtension>
<opentracks:accuracy_horizontal>2</opentracks:accuracy_horizontal></extensions>
</trkpt>
<trkpt lat="42.924208" lon="1.846268">
<ele>596.7</ele>
<time>2026-09-17T20:05:44.066+02:00</time>
<extensions>
<gpxtpx:TrackPointExtension>
<gpxtpx:speed>1.25</gpxtpx:speed>
</gpxtpx:TrackPointExtension>
<opentracks:accuracy_horizontal>1.8</opentracks:accuracy_horizontal></extensions>
</trkpt>
<trkpt lat="42.924301" lon="1.846303">
<ele>596.7</ele>
<time>2026-09-17T20:05:51.063+02:00</time>
<extensions>
<gpxtpx:TrackPointExtension>
<gpxtpx:speed>1.34</gpxtpx:speed>
</gpxtpx:TrackPointExtension>
<opentracks:accuracy_horizontal>1.7</opentracks:accuracy_horizontal></extensions>
</trkpt>
<trkpt lat="42.924396" lon="1.846346">
<ele>595.4</ele>
<time>2026-09-17T20:05:59.059+02:00</time>
<extensions>
<gpxtpx:TrackPointExtension>
<gpxtpx:speed>1.27</gpxtpx:speed>
</gpxtpx:TrackPointExtension>
<opentracks:accuracy_horizontal>1.6</opentracks:accuracy_horizontal></extensions>
</trkpt>
<trkpt lat="42.924483" lon="1.846393">
<ele>594.2</ele>
<time>2026-09-17T20:06:07.068+02:00</time>
<extensions>
<gpxtpx:TrackPointExtension>
<gpxtpx:speed>1.29</gpxtpx:speed>
</gpxtpx:TrackPointExtension>
<opentracks:accuracy_horizontal>1.7</opentracks:accuracy_horizontal></extensions>
</trkpt>
<trkpt lat="42.92458" lon="1.84641">
<ele>594.6</ele>
<time>2026-09-17T20:06:15.051+02:00</time>
<extensions>
<gpxtpx:TrackPointExtension>
<gpxtpx:speed>1.29</gpxtpx:speed>
</gpxtpx:TrackPointExtension>
<opentracks:accuracy_horizontal>1.7</opentracks:accuracy_horizontal></extensions>
</trkpt>
<trkpt lat="42.924671" lon="1.846435">
<ele>594.2</ele>
<time>2026-09-17T20:06:21.067+02:00</time>
<extensions>
<gpxtpx:TrackPointExtension>
<gpxtpx:speed>1.6</gpxtpx:speed>
</gpxtpx:TrackPointExtension>
<opentracks:accuracy_horizontal>1.7</opentracks:accuracy_horizontal></extensions>
</trkpt>
<trkpt lat="42.924763" lon="1.846468">
<ele>595.5</ele>
<time>2026-09-17T20:06:30.07+02:00</time>
<extensions>
<gpxtpx:TrackPointExtension>
<gpxtpx:speed>1.39</gpxtpx:speed>
</gpxtpx:TrackPointExtension>
<opentracks:accuracy_horizontal>1.8</opentracks:accuracy_horizontal></extensions>
</trkpt>
<trkpt lat="42.924856" lon="1.846496">
<ele>597.9</ele>
<time>2026-09-17T20:06:39.061+02:00</time>
<extensions>
<gpxtpx:TrackPointExtension>
<gpxtpx:speed>1.35</gpxtpx:speed>
</gpxtpx:TrackPointExtension>
<opentracks:accuracy_horizontal>1.8</opentracks:accuracy_horizontal></extensions>
</trkpt>
<trkpt lat="42.924946" lon="1.846523">
<ele>598.8</ele>
<time>2026-09-17T20:06:48.075+02:00</time>
<extensions>
<gpxtpx:TrackPointExtension>
<gpxtpx:speed>1.23</gpxtpx:speed>
</gpxtpx:TrackPointExtension>
<opentracks:accuracy_horizontal>1.8</opentracks:accuracy_horizontal></extensions>
</trkpt>
<trkpt lat="42.924995" lon="1.846511">
<ele>596.9</ele>
<time>2026-09-17T20:06:58.065+02:00</time>
<extensions>
<gpxtpx:TrackPointExtension>
<gpxtpx:speed>0.58</gpxtpx:speed>
</gpxtpx:TrackPointExtension>
<opentracks:accuracy_horizontal>2</opentracks:accuracy_horizontal></extensions>
</trkpt>
<trkpt lat="42.925086" lon="1.846546">
<ele>596.2</ele>
<time>2026-09-17T20:07:07.06+02:00</time>
<extensions>
<gpxtpx:TrackPointExtension>
<gpxtpx:speed>0.82</gpxtpx:speed>
</gpxtpx:TrackPointExtension>
<opentracks:accuracy_horizontal>1.8</opentracks:accuracy_horizontal></extensions>
</trkpt>
<trkpt lat="42.925181" lon="1.846588">
<ele>595.3</ele>
<time>2026-09-17T20:07:15.076+02:00</time>
<extensions>
<gpxtpx:TrackPointExtension>
<gpxtpx:speed>1.15</gpxtpx:speed>
</gpxtpx:TrackPointExtension>
<opentracks:accuracy_horizontal>1.8</opentracks:accuracy_horizontal></extensions>
</trkpt>
<trkpt lat="42.925283" lon="1.84661">
<ele>594.6</ele>
<time>2026-09-17T20:07:23.057+02:00</time>
<extensions>
<gpxtpx:TrackPointExtension>
<gpxtpx:speed>1.14</gpxtpx:speed>
</gpxtpx:TrackPointExtension>
<opentracks:accuracy_horizontal>1.7</opentracks:accuracy_horizontal></extensions>
</trkpt>
<trkpt lat="42.925281" lon="1.846586">
<ele>593.9</ele>
<time>2026-09-17T20:07:33.063+02:00</time>
<extensions>
<gpxtpx:TrackPointExtension>
<gpxtpx:speed>0.55</gpxtpx:speed>
</gpxtpx:TrackPointExtension>
<opentracks:accuracy_horizontal>2.1</opentracks:accuracy_horizontal></extensions>
</trkpt>
<trkpt lat="42.925375" lon="1.846565">
<ele>594.4</ele>
<time>2026-09-17T20:07:44.061+02:00</time>
<extensions>
<gpxtpx:TrackPointExtension>
<gpxtpx:speed>0.63</gpxtpx:speed>
</gpxtpx:TrackPointExtension>
<opentracks:accuracy_horizontal>1.9</opentracks:accuracy_horizontal></extensions>
</trkpt>
<trkpt lat="42.925463" lon="1.846596">
<ele>594.1</ele>
<time>2026-09-17T20:07:51.061+02:00</time>
<extensions>
<gpxtpx:TrackPointExtension>
<gpxtpx:speed>1.07</gpxtpx:speed>
</gpxtpx:TrackPointExtension>
<opentracks:accuracy_horizontal>1.8</opentracks:accuracy_horizontal></extensions>
</trkpt>
<trkpt lat="42.925558" lon="1.846598">
<ele>593.8</ele>
<time>2026-09-17T20:07:59.058+02:00</time>
<extensions>
<gpxtpx:TrackPointExtension>
<gpxtpx:speed>1.15</gpxtpx:speed>
</gpxtpx:TrackPointExtension>
<opentracks:accuracy_horizontal>1.8</opentracks:accuracy_horizontal></extensions>
</trkpt>
<trkpt lat="42.925651" lon="1.846641">
<ele>593.2</ele>
<time>2026-09-17T20:08:07.071+02:00</time>
<extensions>
<gpxtpx:TrackPointExtension>
<gpxtpx:speed>1.16</gpxtpx:speed>
</gpxtpx:TrackPointExtension>
<opentracks:accuracy_horizontal>1.7</opentracks:accuracy_horizontal></extensions>
</trkpt>
<trkpt lat="42.925748" lon="1.846671">
<ele>593.5</ele>
<time>2026-09-17T20:08:16.069+02:00</time>
<extensions>
<gpxtpx:TrackPointExtension>
<gpxtpx:speed>1.18</gpxtpx:speed>
</gpxtpx:TrackPointExtension>
<opentracks:accuracy_horizontal>1.7</opentracks:accuracy_horizontal></extensions>
</trkpt>
<trkpt lat="42.925838" lon="1.846705">
<ele>593.5</ele>
<time>2026-09-17T20:08:23.055+02:00</time>
<extensions>
<gpxtpx:TrackPointExtension>
<gpxtpx:speed>1.2</gpxtpx:speed>
</gpxtpx:TrackPointExtension>
<opentracks:accuracy_horizontal>1.7</opentracks:accuracy_horizontal></extensions>
</trkpt>
<trkpt lat="42.925931" lon="1.846726">
<ele>592.9</ele>
<time>2026-09-17T20:08:30.063+02:00</time>
<extensions>
<gpxtpx:TrackPointExtension>
<gpxtpx:speed>1.26</gpxtpx:speed>
</gpxtpx:TrackPointExtension>
<opentracks:accuracy_horizontal>1.7</opentracks:accuracy_horizontal></extensions>
</trkpt>
<trkpt lat="42.926035" lon="1.846723">
<ele>592.9</ele>
<time>2026-09-17T20:08:37.066+02:00</time>
<extensions>
<gpxtpx:TrackPointExtension>
<gpxtpx:speed>1.17</gpxtpx:speed>
</gpxtpx:TrackPointExtension>
<opentracks:accuracy_horizontal>1.9</opentracks:accuracy_horizontal></extensions>
</trkpt>
<trkpt lat="42.926131" lon="1.846726">
<ele>593.3</ele>
<time>2026-09-17T20:08:46.067+02:00</time>
<extensions>
<gpxtpx:TrackPointExtension>
<gpxtpx:speed>0.89</gpxtpx:speed>
</gpxtpx:TrackPointExtension>
<opentracks:accuracy_horizontal>1.9</opentracks:accuracy_horizontal></extensions>
</trkpt>
<trkpt lat="42.926233" lon="1.846695">
<ele>593.3</ele>
<time>2026-09-17T20:08:53.056+02:00</time>
<extensions>
<gpxtpx:TrackPointExtension>
<gpxtpx:speed>1.05</gpxtpx:speed>
</gpxtpx:TrackPointExtension>
<opentracks:accuracy_horizontal>1.8</opentracks:accuracy_horizontal></extensions>
</trkpt>
<trkpt lat="42.926335" lon="1.846668">
<ele>593</ele>
<time>2026-09-17T20:09:02.057+02:00</time>
<extensions>
<gpxtpx:TrackPointExtension>
<gpxtpx:speed>1.07</gpxtpx:speed>
</gpxtpx:TrackPointExtension>
<opentracks:accuracy_horizontal>2</opentracks:accuracy_horizontal></extensions>
</trkpt>
<trkpt lat="42.92643" lon="1.846613">
<ele>591.4</ele>
<time>2026-09-17T20:09:10.056+02:00</time>
<extensions>
<gpxtpx:TrackPointExtension>
<gpxtpx:speed>1.11</gpxtpx:speed>
</gpxtpx:TrackPointExtension>
<opentracks:accuracy_horizontal>1.9</opentracks:accuracy_horizontal></extensions>
</trkpt>
<trkpt lat="42.926518" lon="1.846584">
<ele>591.3</ele>
<time>2026-09-17T20:09:18.059+02:00</time>
<extensions>
<gpxtpx:TrackPointExtension>
<gpxtpx:speed>1.08</gpxtpx:speed>
</gpxtpx:TrackPointExtension>
<opentracks:accuracy_horizontal>2</opentracks:accuracy_horizontal></extensions>
</trkpt>
<trkpt lat="42.926614" lon="1.846539">
<ele>592.1</ele>
<time>2026-09-17T20:09:26.068+02:00</time>
<extensions>
<gpxtpx:TrackPointExtension>
<gpxtpx:speed>0.89</gpxtpx:speed>
</gpxtpx:TrackPointExtension>
<opentracks:accuracy_horizontal>1.8</opentracks:accuracy_horizontal></extensions>
</trkpt>
<trkpt lat="42.926706" lon="1.846483">
<ele>591.6</ele>
<time>2026-09-17T20:09:34.062+02:00</time>
<extensions>
<gpxtpx:TrackPointExtension>
<gpxtpx:speed>1.14</gpxtpx:speed>
</gpxtpx:TrackPointExtension>
<opentracks:accuracy_horizontal>1.8</opentracks:accuracy_horizontal></extensions>
</trkpt>
<trkpt lat="42.926788" lon="1.846431">
<ele>591.5</ele>
<time>2026-09-17T20:09:41.056+02:00</time>
<extensions>
<gpxtpx:TrackPointExtension>
<gpxtpx:speed>1.07</gpxtpx:speed>
</gpxtpx:TrackPointExtension>
<opentracks:accuracy_horizontal>1.8</opentracks:accuracy_horizontal></extensions>
</trkpt>
<trkpt lat="42.926881" lon="1.846378">
<ele>591.8</ele>
<time>2026-09-17T20:09:49.063+02:00</time>
<extensions>
<gpxtpx:TrackPointExtension>
<gpxtpx:speed>1.09</gpxtpx:speed>
</gpxtpx:TrackPointExtension>
<opentracks:accuracy_horizontal>1.9</opentracks:accuracy_horizontal></extensions>
</trkpt>
<trkpt lat="42.926978" lon="1.84636">
<ele>591.5</ele>
<time>2026-09-17T20:09:56.069+02:00</time>
<extensions>
<gpxtpx:TrackPointExtension>
<gpxtpx:speed>1.01</gpxtpx:speed>
</gpxtpx:TrackPointExtension>
<opentracks:accuracy_horizontal>1.8</opentracks:accuracy_horizontal></extensions>
</trkpt>
<trkpt lat="42.927064" lon="1.846311">
<ele>591</ele>
<time>2026-09-17T20:10:03.065+02:00</time>
<extensions>
<gpxtpx:TrackPointExtension>
<gpxtpx:speed>1.22</gpxtpx:speed>
</gpxtpx:TrackPointExtension>
<opentracks:accuracy_horizontal>1.8</opentracks:accuracy_horizontal></extensions>
</trkpt>
<trkpt lat="42.927158" lon="1.846285">
<ele>590.4</ele>
<time>2026-09-17T20:10:11.056+02:00</time>
<extensions>
<gpxtpx:TrackPointExtension>
<gpxtpx:speed>1.09</gpxtpx:speed>
</gpxtpx:TrackPointExtension>
<opentracks:accuracy_horizontal>2</opentracks:accuracy_horizontal></extensions>
</trkpt>
<trkpt lat="42.927248" lon="1.846258">
<ele>590.3</ele>
<time>2026-09-17T20:10:18.053+02:00</time>
<extensions>
<gpxtpx:TrackPointExtension>
<gpxtpx:speed>1.07</gpxtpx:speed>
</gpxtpx:TrackPointExtension>
<opentracks:accuracy_horizontal>1.9</opentracks:accuracy_horizontal></extensions>
</trkpt>
<trkpt lat="42.927353" lon="1.846238">
<ele>590.1</ele>
<time>2026-09-17T20:10:25.06+02:00</time>
<extensions>
<gpxtpx:TrackPointExtension>
<gpxtpx:speed>1.23</gpxtpx:speed>
</gpxtpx:TrackPointExtension>
<opentracks:accuracy_horizontal>1.8</opentracks:accuracy_horizontal></extensions>
</trkpt>
<trkpt lat="42.927441" lon="1.846266">
<ele>589.7</ele>
<time>2026-09-17T20:10:33.06+02:00</time>
<extensions>
<gpxtpx:TrackPointExtension>
<gpxtpx:speed>1.23</gpxtpx:speed>
</gpxtpx:TrackPointExtension>
<opentracks:accuracy_horizontal>1.9</opentracks:accuracy_horizontal></extensions>
</trkpt>
<trkpt lat="42.927536" lon="1.846271">
<ele>589.1</ele>
<time>2026-09-17T20:10:41.069+02:00</time>
<extensions>
<gpxtpx:TrackPointExtension>
<gpxtpx:speed>1.16</gpxtpx:speed>
</gpxtpx:TrackPointExtension>
<opentracks:accuracy_horizontal>1.9</opentracks:accuracy_horizontal></extensions>
</trkpt>
<trkpt lat="42.927623" lon="1.846305">
<ele>588.4</ele>
<time>2026-09-17T20:10:48.064+02:00</time>
<extensions>
<gpxtpx:TrackPointExtension>
<gpxtpx:speed>1.16</gpxtpx:speed>
</gpxtpx:TrackPointExtension>
<opentracks:accuracy_horizontal>1.8</opentracks:accuracy_horizontal></extensions>
</trkpt>
<trkpt lat="42.92772" lon="1.846348">
<ele>588.2</ele>
<time>2026-09-17T20:10:55.067+02:00</time>
<extensions>
<gpxtpx:TrackPointExtension>
<gpxtpx:speed>1.16</gpxtpx:speed>
</gpxtpx:TrackPointExtension>
<opentracks:accuracy_horizontal>1.9</opentracks:accuracy_horizontal></extensions>
</trkpt>
<trkpt lat="42.927808" lon="1.846388">
<ele>587.6</ele>
<time>2026-09-17T20:11:02.072+02:00</time>
<extensions>
<gpxtpx:TrackPointExtension>
<gpxtpx:speed>1.03</gpxtpx:speed>
</gpxtpx:TrackPointExtension>
<opentracks:accuracy_horizontal>1.9</opentracks:accuracy_horizontal></extensions>
</trkpt>
<trkpt lat="42.92789" lon="1.84646">
<ele>587.4</ele>
<time>2026-09-17T20:11:10.06+02:00</time>
<extensions>
<gpxtpx:TrackPointExtension>
<gpxtpx:speed>1.01</gpxtpx:speed>
</gpxtpx:TrackPointExtension>
<opentracks:accuracy_horizontal>1.7</opentracks:accuracy_horizontal></extensions>
</trkpt>
<trkpt lat="42.927973" lon="1.84651">
<ele>586.2</ele>
<time>2026-09-17T20:11:16.077+02:00</time>
<extensions>
<gpxtpx:TrackPointExtension>
<gpxtpx:speed>1.12</gpxtpx:speed>
</gpxtpx:TrackPointExtension>
<opentracks:accuracy_horizontal>1.7</opentracks:accuracy_horizontal></extensions>
</trkpt>
<trkpt lat="42.928063" lon="1.846538">
<ele>584.8</ele>
<time>2026-09-17T20:11:23.065+02:00</time>
<extensions>
<gpxtpx:TrackPointExtension>
<gpxtpx:speed>1.3</gpxtpx:speed>
</gpxtpx:TrackPointExtension>
<opentracks:accuracy_horizontal>1.6</opentracks:accuracy_horizontal></extensions>
</trkpt>
<trkpt lat="42.928155" lon="1.84658">
<ele>583.3</ele>
<time>2026-09-17T20:11:31.062+02:00</time>
<extensions>
<gpxtpx:TrackPointExtension>
<gpxtpx:speed>1.26</gpxtpx:speed>
</gpxtpx:TrackPointExtension>
<opentracks:accuracy_horizontal>1.6</opentracks:accuracy_horizontal></extensions>
</trkpt>
<trkpt lat="42.928238" lon="1.846639">
<ele>581.7</ele>
<time>2026-09-17T20:11:39.062+02:00</time>
<extensions>
<gpxtpx:TrackPointExtension>
<gpxtpx:speed>1.35</gpxtpx:speed>
</gpxtpx:TrackPointExtension>
<opentracks:accuracy_horizontal>1.6</opentracks:accuracy_horizontal></extensions>
</trkpt>
<trkpt lat="42.928331" lon="1.846698">
<ele>581.5</ele>
<time>2026-09-17T20:11:47.064+02:00</time>
<extensions>
<gpxtpx:TrackPointExtension>
<gpxtpx:speed>1.37</gpxtpx:speed>
</gpxtpx:TrackPointExtension>
<opentracks:accuracy_horizontal>1.6</opentracks:accuracy_horizontal></extensions>
</trkpt>
<trkpt lat="42.92841" lon="1.846768">
<ele>581.5</ele>
<time>2026-09-17T20:11:54.07+02:00</time>
<extensions>
<gpxtpx:TrackPointExtension>
<gpxtpx:speed>1.37</gpxtpx:speed>
</gpxtpx:TrackPointExtension>
<opentracks:accuracy_horizontal>1.6</opentracks:accuracy_horizontal></extensions>
</trkpt>
<trkpt lat="42.928473" lon="1.846869">
<ele>582.3</ele>
<time>2026-09-17T20:12:02.061+02:00</time>
<extensions>
<gpxtpx:TrackPointExtension>
<gpxtpx:speed>1.21</gpxtpx:speed>
</gpxtpx:TrackPointExtension>
<opentracks:accuracy_horizontal>1.6</opentracks:accuracy_horizontal></extensions>
</trkpt>
<trkpt lat="42.92856" lon="1.846933">
<ele>584.3</ele>
<time>2026-09-17T20:12:10.075+02:00</time>
<extensions>
<gpxtpx:TrackPointExtension>
<gpxtpx:speed>1.22</gpxtpx:speed>
</gpxtpx:TrackPointExtension>
<opentracks:accuracy_horizontal>1.5</opentracks:accuracy_horizontal></extensions>
</trkpt>
<trkpt lat="42.92865" lon="1.846978">
<ele>584.5</ele>
<time>2026-09-17T20:12:17.065+02:00</time>
<extensions>
<gpxtpx:TrackPointExtension>
<gpxtpx:speed>1.22</gpxtpx:speed>
</gpxtpx:TrackPointExtension>
<opentracks:accuracy_horizontal>1.5</opentracks:accuracy_horizontal></extensions>
</trkpt>
<trkpt lat="42.928738" lon="1.847025">
<ele>585.3</ele>
<time>2026-09-17T20:12:24.076+02:00</time>
<extensions>
<gpxtpx:TrackPointExtension>
<gpxtpx:speed>1.28</gpxtpx:speed>
</gpxtpx:TrackPointExtension>
<opentracks:accuracy_horizontal>1.5</opentracks:accuracy_horizontal></extensions>
</trkpt>
<trkpt lat="42.928828" lon="1.847084">
<ele>585.8</ele>
<time>2026-09-17T20:12:32.065+02:00</time>
<extensions>
<gpxtpx:TrackPointExtension>
<gpxtpx:speed>1.34</gpxtpx:speed>
</gpxtpx:TrackPointExtension>
<opentracks:accuracy_horizontal>1.5</opentracks:accuracy_horizontal></extensions>
</trkpt>
<trkpt lat="42.928906" lon="1.847146">
<ele>585.1</ele>
<time>2026-09-17T20:12:39.064+02:00</time>
<extensions>
<gpxtpx:TrackPointExtension>
<gpxtpx:speed>1.44</gpxtpx:speed>
</gpxtpx:TrackPointExtension>
<opentracks:accuracy_horizontal>1.5</opentracks:accuracy_horizontal></extensions>
</trkpt>
<trkpt lat="42.928986" lon="1.847208">
<ele>584.6</ele>
<time>2026-09-17T20:12:48.063+02:00</time>
<extensions>
<gpxtpx:TrackPointExtension>
<gpxtpx:speed>1.27</gpxtpx:speed>
</gpxtpx:TrackPointExtension>
<opentracks:accuracy_horizontal>1.5</opentracks:accuracy_horizontal></extensions>
</trkpt>
<trkpt lat="42.929081" lon="1.847251">
<ele>583.9</ele>
<time>2026-09-17T20:12:56.06+02:00</time>
<extensions>
<gpxtpx:TrackPointExtension>
<gpxtpx:speed>1.2</gpxtpx:speed>
</gpxtpx:TrackPointExtension>
<opentracks:accuracy_horizontal>1.5</opentracks:accuracy_horizontal></extensions>
</trkpt>
<trkpt lat="42.929171" lon="1.847298">
<ele>584.1</ele>
<time>2026-09-17T20:13:03.07+02:00</time>
<extensions>
<gpxtpx:TrackPointExtension>
<gpxtpx:speed>1.24</gpxtpx:speed>
</gpxtpx:TrackPointExtension>
<opentracks:accuracy_horizontal>1.6</opentracks:accuracy_horizontal></extensions>
</trkpt>
<trkpt lat="42.929251" lon="1.847381">
<ele>584.3</ele>
<time>2026-09-17T20:13:11.074+02:00</time>
<extensions>
<gpxtpx:TrackPointExtension>
<gpxtpx:speed>1.14</gpxtpx:speed>
</gpxtpx:TrackPointExtension>
<opentracks:accuracy_horizontal>1.5</opentracks:accuracy_horizontal></extensions>
</trkpt>
<trkpt lat="42.92933" lon="1.847448">
<ele>585.7</ele>
<time>2026-09-17T20:13:18.058+02:00</time>
<extensions>
<gpxtpx:TrackPointExtension>
<gpxtpx:speed>1.23</gpxtpx:speed>
</gpxtpx:TrackPointExtension>
<opentracks:accuracy_horizontal>1.5</opentracks:accuracy_horizontal></extensions>
</trkpt>
<trkpt lat="42.929411" lon="1.847508">
<ele>586.6</ele>
<time>2026-09-17T20:13:25.058+02:00</time>
<extensions>
<gpxtpx:TrackPointExtension>
<gpxtpx:speed>1.29</gpxtpx:speed>
</gpxtpx:TrackPointExtension>
<opentracks:accuracy_horizontal>1.6</opentracks:accuracy_horizontal></extensions>
</trkpt>
<trkpt lat="42.929491" lon="1.847573">
<ele>586.9</ele>
<time>2026-09-17T20:13:32.061+02:00</time>
<extensions>
<gpxtpx:TrackPointExtension>
<gpxtpx:speed>1.26</gpxtpx:speed>
</gpxtpx:TrackPointExtension>
<opentracks:accuracy_horizontal>1.5</opentracks:accuracy_horizontal></extensions>
</trkpt>
<trkpt lat="42.929578" lon="1.847626">
<ele>587.7</ele>
<time>2026-09-17T20:13:39.066+02:00</time>
<extensions>
<gpxtpx:TrackPointExtension>
<gpxtpx:speed>1.32</gpxtpx:speed>
</gpxtpx:TrackPointExtension>
<opentracks:accuracy_horizontal>1.5</opentracks:accuracy_horizontal></extensions>
</trkpt>
<trkpt lat="42.929658" lon="1.847703">
<ele>587.6</ele>
<time>2026-09-17T20:13:47.061+02:00</time>
<extensions>
<gpxtpx:TrackPointExtension>
<gpxtpx:speed>1.31</gpxtpx:speed>
</gpxtpx:TrackPointExtension>
<opentracks:accuracy_horizontal>1.5</opentracks:accuracy_horizontal></extensions>
</trkpt>
<trkpt lat="42.929746" lon="1.84774">
<ele>587.9</ele>
<time>2026-09-17T20:13:54.058+02:00</time>
<extensions>
<gpxtpx:TrackPointExtension>
<gpxtpx:speed>1.3</gpxtpx:speed>
</gpxtpx:TrackPointExtension>
<opentracks:accuracy_horizontal>1.5</opentracks:accuracy_horizontal></extensions>
</trkpt>
<trkpt lat="42.929829" lon="1.847805">
<ele>586</ele>
<time>2026-09-17T20:14:02.082+02:00</time>
<extensions>
<gpxtpx:TrackPointExtension>
<gpxtpx:speed>1.25</gpxtpx:speed>
</gpxtpx:TrackPointExtension>
<opentracks:accuracy_horizontal>1.5</opentracks:accuracy_horizontal></extensions>
</trkpt>
<trkpt lat="42.929908" lon="1.847881">
<ele>584.4</ele>
<time>2026-09-17T20:14:09.068+02:00</time>
<extensions>
<gpxtpx:TrackPointExtension>
<gpxtpx:speed>1.33</gpxtpx:speed>
</gpxtpx:TrackPointExtension>
<opentracks:accuracy_horizontal>1.6</opentracks:accuracy_horizontal></extensions>
</trkpt>
<trkpt lat="42.92999" lon="1.847946">
<ele>583.2</ele>
<time>2026-09-17T20:14:17.068+02:00</time>
<extensions>
<gpxtpx:TrackPointExtension>
<gpxtpx:speed>1.2</gpxtpx:speed>
</gpxtpx:TrackPointExtension>
<opentracks:accuracy_horizontal>1.5</opentracks:accuracy_horizontal></extensions>
</trkpt>
<trkpt lat="42.930076" lon="1.847998">
<ele>581.5</ele>
<time>2026-09-17T20:14:25.061+02:00</time>
<extensions>
<gpxtpx:TrackPointExtension>
<gpxtpx:speed>1.2</gpxtpx:speed>
</gpxtpx:TrackPointExtension>
<opentracks:accuracy_horizontal>1.6</opentracks:accuracy_horizontal></extensions>
</trkpt>
<trkpt lat="42.930143" lon="1.848065">
<ele>578.4</ele>
<time>2026-09-17T20:14:34.062+02:00</time>
<extensions>
<gpxtpx:TrackPointExtension>
<gpxtpx:speed>1.34</gpxtpx:speed>
</gpxtpx:TrackPointExtension>
<opentracks:accuracy_horizontal>1.8</opentracks:accuracy_horizontal></extensions>
</trkpt>
<trkpt lat="42.930226" lon="1.848129">
<ele>578.2</ele>
<time>2026-09-17T20:14:43.047+02:00</time>
<extensions>
<gpxtpx:TrackPointExtension>
<gpxtpx:speed>1.23</gpxtpx:speed>
</gpxtpx:TrackPointExtension>
<opentracks:accuracy_horizontal>1.9</opentracks:accuracy_horizontal></extensions>
</trkpt>
<trkpt lat="42.930323" lon="1.84818">
<ele>574.9</ele>
<time>2026-09-17T20:14:53.032+02:00</time>
<extensions>
<gpxtpx:TrackPointExtension>
<gpxtpx:speed>1.07</gpxtpx:speed>
</gpxtpx:TrackPointExtension>
<opentracks:accuracy_horizontal>1.7</opentracks:accuracy_horizontal></extensions>
</trkpt>
<trkpt lat="42.930418" lon="1.848231">
<ele>575.7</ele>
<time>2026-09-17T20:15:02.04+02:00</time>
<extensions>
<gpxtpx:TrackPointExtension>
<gpxtpx:speed>1.11</gpxtpx:speed>
</gpxtpx:TrackPointExtension>
<opentracks:accuracy_horizontal>1.9</opentracks:accuracy_horizontal></extensions>
</trkpt>
<trkpt lat="42.930513" lon="1.848246">
<ele>575</ele>
<time>2026-09-17T20:15:10.056+02:00</time>
<extensions>
<gpxtpx:TrackPointExtension>
<gpxtpx:speed>1.18</gpxtpx:speed>
</gpxtpx:TrackPointExtension>
<opentracks:accuracy_horizontal>1.8</opentracks:accuracy_horizontal></extensions>
</trkpt>
<trkpt lat="42.930608" lon="1.848266">
<ele>576.3</ele>
<time>2026-09-17T20:15:18.056+02:00</time>
<extensions>
<gpxtpx:TrackPointExtension>
<gpxtpx:speed>1.09</gpxtpx:speed>
</gpxtpx:TrackPointExtension>
<opentracks:accuracy_horizontal>1.6</opentracks:accuracy_horizontal></extensions>
</trkpt>
<trkpt lat="42.930706" lon="1.848245">
<ele>577.6</ele>
<time>2026-09-17T20:15:27.059+02:00</time>
<extensions>
<gpxtpx:TrackPointExtension>
<gpxtpx:speed>1.18</gpxtpx:speed>
</gpxtpx:TrackPointExtension>
<opentracks:accuracy_horizontal>1.7</opentracks:accuracy_horizontal></extensions>
</trkpt>
<trkpt lat="42.930796" lon="1.848238">
<ele>577.1</ele>
<time>2026-09-17T20:15:34.032+02:00</time>
<extensions>
<gpxtpx:TrackPointExtension>
<gpxtpx:speed>1.26</gpxtpx:speed>
</gpxtpx:TrackPointExtension>
<opentracks:accuracy_horizontal>1.7</opentracks:accuracy_horizontal></extensions>
</trkpt>
<trkpt lat="42.930893" lon="1.848223">
<ele>576.6</ele>
<time>2026-09-17T20:15:43.036+02:00</time>
<extensions>
<gpxtpx:TrackPointExtension>
<gpxtpx:speed>1.28</gpxtpx:speed>
</gpxtpx:TrackPointExtension>
<opentracks:accuracy_horizontal>1.8</opentracks:accuracy_horizontal></extensions>
</trkpt>
<trkpt lat="42.930969" lon="1.848205">
<ele>578.4</ele>
<time>2026-09-17T20:15:52.058+02:00</time>
<extensions>
<gpxtpx:TrackPointExtension>
<gpxtpx:speed>1.08</gpxtpx:speed>
</gpxtpx:TrackPointExtension>
<opentracks:accuracy_horizontal>1.8</opentracks:accuracy_horizontal></extensions>
</trkpt>
<trkpt lat="42.931066" lon="1.848201">
<ele>579.9</ele>
<time>2026-09-17T20:16:00.05+02:00</time>
<extensions>
<gpxtpx:TrackPointExtension>
<gpxtpx:speed>0.8</gpxtpx:speed>
</gpxtpx:TrackPointExtension>
<opentracks:accuracy_horizontal>1.9</opentracks:accuracy_horizontal></extensions>
</trkpt>
<trkpt lat="42.931153" lon="1.848166">
<ele>581</ele>
<time>2026-09-17T20:16:07.059+02:00</time>
<extensions>
<gpxtpx:TrackPointExtension>
<gpxtpx:speed>1.13</gpxtpx:speed>
</gpxtpx:TrackPointExtension>
<opentracks:accuracy_horizontal>1.8</opentracks:accuracy_horizontal></extensions>
</trkpt>
<trkpt lat="42.931256" lon="1.848185">
<ele>579</ele>
<time>2026-09-17T20:16:14.059+02:00</time>
<extensions>
<gpxtpx:TrackPointExtension>
<gpxtpx:speed>1.29</gpxtpx:speed>
</gpxtpx:TrackPointExtension>
<opentracks:accuracy_horizontal>1.7</opentracks:accuracy_horizontal></extensions>
</trkpt>
<trkpt lat="42.93134" lon="1.848258">
<ele>576.8</ele>
<time>2026-09-17T20:16:22.065+02:00</time>
<extensions>
<gpxtpx:TrackPointExtension>
<gpxtpx:speed>1.26</gpxtpx:speed>
</gpxtpx:TrackPointExtension>
<opentracks:accuracy_horizontal>1.8</opentracks:accuracy_horizontal></extensions>
</trkpt>
<trkpt lat="42.931398" lon="1.848356">
<ele>575.6</ele>
<time>2026-09-17T20:16:29.059+02:00</time>
<extensions>
<gpxtpx:TrackPointExtension>
<gpxtpx:speed>1.28</gpxtpx:speed>
</gpxtpx:TrackPointExtension>
<opentracks:accuracy_horizontal>1.8</opentracks:accuracy_horizontal></extensions>
</trkpt>
<trkpt lat="42.93149" lon="1.848333">
<ele>575.4</ele>
<time>2026-09-17T20:16:37.075+02:00</time>
<extensions>
<gpxtpx:TrackPointExtension>
<gpxtpx:speed>1.32</gpxtpx:speed>
</gpxtpx:TrackPointExtension>
<opentracks:accuracy_horizontal>1.9</opentracks:accuracy_horizontal></extensions>
</trkpt>
<trkpt lat="42.931596" lon="1.848308">
<ele>575.5</ele>
<time>2026-09-17T20:16:46.061+02:00</time>
<extensions>
<gpxtpx:TrackPointExtension>
<gpxtpx:speed>1.23</gpxtpx:speed>
</gpxtpx:TrackPointExtension>
<opentracks:accuracy_horizontal>1.9</opentracks:accuracy_horizontal></extensions>
</trkpt>
<trkpt lat="42.931693" lon="1.848294">
<ele>576.6</ele>
<time>2026-09-17T20:16:53.06+02:00</time>
<extensions>
<gpxtpx:TrackPointExtension>
<gpxtpx:speed>1.55</gpxtpx:speed>
</gpxtpx:TrackPointExtension>
<opentracks:accuracy_horizontal>1.8</opentracks:accuracy_horizontal></extensions>
</trkpt>
<trkpt lat="42.931773" lon="1.848366">
<ele>575.1</ele>
<time>2026-09-17T20:17:01.058+02:00</time>
<extensions>
<gpxtpx:TrackPointExtension>
<gpxtpx:speed>1.08</gpxtpx:speed>
</gpxtpx:TrackPointExtension>
<opentracks:accuracy_horizontal>1.8</opentracks:accuracy_horizontal></extensions>
</trkpt>
<trkpt lat="42.931863" lon="1.848433">
<ele>574.4</ele>
<time>2026-09-17T20:17:08.059+02:00</time>
<extensions>
<gpxtpx:TrackPointExtension>
<gpxtpx:speed>1.22</gpxtpx:speed>
</gpxtpx:TrackPointExtension>
<opentracks:accuracy_horizontal>1.7</opentracks:accuracy_horizontal></extensions>
</trkpt>
<trkpt lat="42.93195" lon="1.848481">
<ele>573.8</ele>
<time>2026-09-17T20:17:17.062+02:00</time>
<extensions>
<gpxtpx:TrackPointExtension>
<gpxtpx:speed>1.01</gpxtpx:speed>
</gpxtpx:TrackPointExtension>
<opentracks:accuracy_horizontal>1.6</opentracks:accuracy_horizontal></extensions>
</trkpt>
<trkpt lat="42.932038" lon="1.848536">
<ele>573.8</ele>
<time>2026-09-17T20:17:25.065+02:00</time>
<extensions>
<gpxtpx:TrackPointExtension>
<gpxtpx:speed>1.23</gpxtpx:speed>
</gpxtpx:TrackPointExtension>
<opentracks:accuracy_horizontal>1.6</opentracks:accuracy_horizontal></extensions>
</trkpt>
<trkpt lat="42.93212" lon="1.848605">
<ele>572.7</ele>
<time>2026-09-17T20:17:33.054+02:00</time>
<extensions>
<gpxtpx:TrackPointExtension>
<gpxtpx:speed>1.17</gpxtpx:speed>
</gpxtpx:TrackPointExtension>
<opentracks:accuracy_horizontal>1.7</opentracks:accuracy_horizontal></extensions>
</trkpt>
<trkpt lat="42.932213" lon="1.848628">
<ele>573</ele>
<time>2026-09-17T20:17:41.062+02:00</time>
<extensions>
<gpxtpx:TrackPointExtension>
<gpxtpx:speed>1.35</gpxtpx:speed>
</gpxtpx:TrackPointExtension>
<opentracks:accuracy_horizontal>1.8</opentracks:accuracy_horizontal></extensions>
</trkpt>
<trkpt lat="42.932305" lon="1.848581">
<ele>574.1</ele>
<time>2026-09-17T20:17:49.071+02:00</time>
<extensions>
<gpxtpx:TrackPointExtension>
<gpxtpx:speed>0.99</gpxtpx:speed>
</gpxtpx:TrackPointExtension>
<opentracks:accuracy_horizontal>1.8</opentracks:accuracy_horizontal></extensions>
</trkpt>
<trkpt lat="42.932398" lon="1.848561">
<ele>574.3</ele>
<time>2026-09-17T20:17:55.067+02:00</time>
<extensions>
<gpxtpx:TrackPointExtension>
<gpxtpx:speed>1.08</gpxtpx:speed>
</gpxtpx:TrackPointExtension>
<opentracks:accuracy_horizontal>1.7</opentracks:accuracy_horizontal></extensions>
</trkpt>
<trkpt lat="42.932471" lon="1.848468">
<ele>573.9</ele>
<time>2026-09-17T20:18:03.056+02:00</time>
<extensions>
<gpxtpx:TrackPointExtension>
<gpxtpx:speed>0.84</gpxtpx:speed>
</gpxtpx:TrackPointExtension>
<opentracks:accuracy_horizontal>1.6</opentracks:accuracy_horizontal></extensions>
</trkpt>
<trkpt lat="42.932493" lon="1.848345">
<ele>573</ele>
<time>2026-09-17T20:18:12.057+02:00</time>
<extensions>
<gpxtpx:TrackPointExtension>
<gpxtpx:speed>0.76</gpxtpx:speed>
</gpxtpx:TrackPointExtension>
<opentracks:accuracy_horizontal>1.8</opentracks:accuracy_horizontal></extensions>
</trkpt>
<trkpt lat="42.932585" lon="1.848333">
<ele>572.9</ele>
<time>2026-09-17T20:18:18.057+02:00</time>
<extensions>
<gpxtpx:TrackPointExtension>
<gpxtpx:speed>0.99</gpxtpx:speed>
</gpxtpx:TrackPointExtension>
<opentracks:accuracy_horizontal>1.8</opentracks:accuracy_horizontal></extensions>
</trkpt>
<trkpt lat="42.932678" lon="1.848315">
<ele>572.9</ele>
<time>2026-09-17T20:18:23.059+02:00</time>
<extensions>
<gpxtpx:TrackPointExtension>
<gpxtpx:speed>1.26</gpxtpx:speed>
</gpxtpx:TrackPointExtension>
<opentracks:accuracy_horizontal>1.6</opentracks:accuracy_horizontal></extensions>
</trkpt>
<trkpt lat="42.932765" lon="1.848348">
<ele>572.6</ele>
<time>2026-09-17T20:18:29.082+02:00</time>
<extensions>
<gpxtpx:TrackPointExtension>
<gpxtpx:speed>1.36</gpxtpx:speed>
</gpxtpx:TrackPointExtension>
<opentracks:accuracy_horizontal>1.6</opentracks:accuracy_horizontal></extensions>
</trkpt>
<trkpt lat="42.932855" lon="1.848408">
<ele>572.3</ele>
<time>2026-09-17T20:18:36.079+02:00</time>
<extensions>
<gpxtpx:TrackPointExtension>
<gpxtpx:speed>1.41</gpxtpx:speed>
</gpxtpx:TrackPointExtension>
<opentracks:accuracy_horizontal>1.8</opentracks:accuracy_horizontal></extensions>
</trkpt>
<trkpt lat="42.932945" lon="1.848466">
<ele>572.2</ele>
<time>2026-09-17T20:18:44.059+02:00</time>
<extensions>
<gpxtpx:TrackPointExtension>
<gpxtpx:speed>1.24</gpxtpx:speed>
</gpxtpx:TrackPointExtension>
<opentracks:accuracy_horizontal>1.7</opentracks:accuracy_horizontal></extensions>
</trkpt>
<trkpt lat="42.933033" lon="1.848515">
<ele>573.7</ele>
<time>2026-09-17T20:18:51.066+02:00</time>
<extensions>
<gpxtpx:TrackPointExtension>
<gpxtpx:speed>1.28</gpxtpx:speed>
</gpxtpx:TrackPointExtension>
<opentracks:accuracy_horizontal>1.6</opentracks:accuracy_horizontal></extensions>
</trkpt>
<trkpt lat="42.933125" lon="1.848553">
<ele>573.3</ele>
<time>2026-09-17T20:18:59.07+02:00</time>
<extensions>
<gpxtpx:TrackPointExtension>
<gpxtpx:speed>1.34</gpxtpx:speed>
</gpxtpx:TrackPointExtension>
<opentracks:accuracy_horizontal>1.5</opentracks:accuracy_horizontal></extensions>
</trkpt>
<trkpt lat="42.933203" lon="1.848616">
<ele>572.2</ele>
<time>2026-09-17T20:19:06.063+02:00</time>
<extensions>
<gpxtpx:TrackPointExtension>
<gpxtpx:speed>1.38</gpxtpx:speed>
</gpxtpx:TrackPointExtension>
<opentracks:accuracy_horizontal>1.5</opentracks:accuracy_horizontal></extensions>
</trkpt>
<trkpt lat="42.933296" lon="1.848675">
<ele>571.7</ele>
<time>2026-09-17T20:19:14.065+02:00</time>
<extensions>
<gpxtpx:TrackPointExtension>
<gpxtpx:speed>1.43</gpxtpx:speed>
</gpxtpx:TrackPointExtension>
<opentracks:accuracy_horizontal>1.5</opentracks:accuracy_horizontal></extensions>
</trkpt>
<trkpt lat="42.933388" lon="1.848673">
<ele>572.1</ele>
<time>2026-09-17T20:19:20.052+02:00</time>
<extensions>
<gpxtpx:TrackPointExtension>
<gpxtpx:speed>1.42</gpxtpx:speed>
</gpxtpx:TrackPointExtension>
<opentracks:accuracy_horizontal>1.6</opentracks:accuracy_horizontal></extensions>
</trkpt>
<trkpt lat="42.933463" lon="1.848713">
<ele>571.1</ele>
<time>2026-09-17T20:19:29.06+02:00</time>
<extensions>
<gpxtpx:TrackPointExtension>
<gpxtpx:speed>1.1</gpxtpx:speed>
</gpxtpx:TrackPointExtension>
<opentracks:accuracy_horizontal>2</opentracks:accuracy_horizontal></extensions>
</trkpt>
<trkpt lat="42.933556" lon="1.848716">
<ele>572.4</ele>
<time>2026-09-17T20:19:36.076+02:00</time>
<extensions>
<gpxtpx:TrackPointExtension>
<gpxtpx:speed>1.03</gpxtpx:speed>
</gpxtpx:TrackPointExtension>
<opentracks:accuracy_horizontal>1.8</opentracks:accuracy_horizontal></extensions>
</trkpt>
<trkpt lat="42.933646" lon="1.848776">
<ele>572.4</ele>
<time>2026-09-17T20:19:44.058+02:00</time>
<extensions>
<gpxtpx:TrackPointExtension>
<gpxtpx:speed>0.88</gpxtpx:speed>
</gpxtpx:TrackPointExtension>
<opentracks:accuracy_horizontal>1.7</opentracks:accuracy_horizontal></extensions>
</trkpt>
<trkpt lat="42.933731" lon="1.84885">
<ele>572</ele>
<time>2026-09-17T20:19:52.053+02:00</time>
<extensions>
<gpxtpx:TrackPointExtension>
<gpxtpx:speed>1.26</gpxtpx:speed>
</gpxtpx:TrackPointExtension>
<opentracks:accuracy_horizontal>1.6</opentracks:accuracy_horizontal></extensions>
</trkpt>
<trkpt lat="42.933806" lon="1.848926">
<ele>571.9</ele>
<time>2026-09-17T20:19:58.066+02:00</time>
<extensions>
<gpxtpx:TrackPointExtension>
<gpxtpx:speed>1.23</gpxtpx:speed>
</gpxtpx:TrackPointExtension>
<opentracks:accuracy_horizontal>1.6</opentracks:accuracy_horizontal></extensions>
</trkpt>
<trkpt lat="42.933891" lon="1.84899">
<ele>572.3</ele>
<time>2026-09-17T20:20:06.069+02:00</time>
<extensions>
<gpxtpx:TrackPointExtension>
<gpxtpx:speed>1.28</gpxtpx:speed>
</gpxtpx:TrackPointExtension>
<opentracks:accuracy_horizontal>1.6</opentracks:accuracy_horizontal></extensions>
</trkpt>
<trkpt lat="42.93397" lon="1.849051">
<ele>572.3</ele>
<time>2026-09-17T20:20:15.069+02:00</time>
<extensions>
<gpxtpx:TrackPointExtension>
<gpxtpx:speed>1.14</gpxtpx:speed>
</gpxtpx:TrackPointExtension>
<opentracks:accuracy_horizontal>1.7</opentracks:accuracy_horizontal></extensions>
</trkpt>
<trkpt lat="42.934051" lon="1.84912">
<ele>570.6</ele>
<time>2026-09-17T20:20:23.06+02:00</time>
<extensions>
<gpxtpx:TrackPointExtension>
<gpxtpx:speed>1.16</gpxtpx:speed>
</gpxtpx:TrackPointExtension>
<opentracks:accuracy_horizontal>1.6</opentracks:accuracy_horizontal></extensions>
</trkpt>
<trkpt lat="42.934146" lon="1.849184">
<ele>570</ele>
<time>2026-09-17T20:20:32.059+02:00</time>
<extensions>
<gpxtpx:TrackPointExtension>
<gpxtpx:speed>0.95</gpxtpx:speed>
</gpxtpx:TrackPointExtension>
<opentracks:accuracy_horizontal>1.6</opentracks:accuracy_horizontal></extensions>
</trkpt>
<trkpt lat="42.934229" lon="1.849248">
<ele>569.9</ele>
<time>2026-09-17T20:20:39.079+02:00</time>
<extensions>
<gpxtpx:TrackPointExtension>
<gpxtpx:speed>1.04</gpxtpx:speed>
</gpxtpx:TrackPointExtension>
<opentracks:accuracy_horizontal>1.6</opentracks:accuracy_horizontal></extensions>
</trkpt>
<trkpt lat="42.934316" lon="1.849325">
<ele>570.1</ele>
<time>2026-09-17T20:20:47.048+02:00</time>
<extensions>
<gpxtpx:TrackPointExtension>
<gpxtpx:speed>1.2</gpxtpx:speed>
</gpxtpx:TrackPointExtension>
<opentracks:accuracy_horizontal>1.6</opentracks:accuracy_horizontal></extensions>
</trkpt>
<trkpt lat="42.934401" lon="1.849403">
<ele>571.2</ele>
<time>2026-09-17T20:20:55.06+02:00</time>
<extensions>
<gpxtpx:TrackPointExtension>
<gpxtpx:speed>1.2</gpxtpx:speed>
</gpxtpx:TrackPointExtension>
<opentracks:accuracy_horizontal>1.6</opentracks:accuracy_horizontal></extensions>
</trkpt>
<trkpt lat="42.934481" lon="1.849466">
<ele>571.8</ele>
<time>2026-09-17T20:21:02.061+02:00</time>
<extensions>
<gpxtpx:TrackPointExtension>
<gpxtpx:speed>1.11</gpxtpx:speed>
</gpxtpx:TrackPointExtension>
<opentracks:accuracy_horizontal>1.6</opentracks:accuracy_horizontal></extensions>
</trkpt>
<trkpt lat="42.93457" lon="1.84951">
<ele>569.6</ele>
<time>2026-09-17T20:21:11.075+02:00</time>
<extensions>
<gpxtpx:TrackPointExtension>
<gpxtpx:speed>1.02</gpxtpx:speed>
</gpxtpx:TrackPointExtension>
<opentracks:accuracy_horizontal>1.5</opentracks:accuracy_horizontal></extensions>
</trkpt>
<trkpt lat="42.93466" lon="1.849579">
<ele>569.1</ele>
<time>2026-09-17T20:21:20.067+02:00</time>
<extensions>
<gpxtpx:TrackPointExtension>
<gpxtpx:speed>1.18</gpxtpx:speed>
</gpxtpx:TrackPointExtension>
<opentracks:accuracy_horizontal>1.5</opentracks:accuracy_horizontal></extensions>
</trkpt>
<trkpt lat="42.934743" lon="1.849636">
<ele>570.3</ele>
<time>2026-09-17T20:21:27.071+02:00</time>
<extensions>
<gpxtpx:TrackPointExtension>
<gpxtpx:speed>1.35</gpxtpx:speed>
</gpxtpx:TrackPointExtension>
<opentracks:accuracy_horizontal>1.5</opentracks:accuracy_horizontal></extensions>
</trkpt>
<trkpt lat="42.934828" lon="1.84965">
<ele>569.4</ele>
<time>2026-09-17T20:21:37.065+02:00</time>
<extensions>
<gpxtpx:TrackPointExtension>
<gpxtpx:speed>0.98</gpxtpx:speed>
</gpxtpx:TrackPointExtension>
<opentracks:accuracy_horizontal>1.5</opentracks:accuracy_horizontal></extensions>
</trkpt>
<trkpt lat="42.9349" lon="1.849546">
<ele>569.1</ele>
<time>2026-09-17T20:21:44.078+02:00</time>
<extensions>
<gpxtpx:TrackPointExtension>
<gpxtpx:speed>0.97</gpxtpx:speed>
</gpxtpx:TrackPointExtension>
<opentracks:accuracy_horizontal>1.8</opentracks:accuracy_horizontal></extensions>
</trkpt>
<trkpt lat="42.934925" lon="1.849538">
<ele>568.9</ele>
<time>2026-09-17T20:21:54.059+02:00</time>
<extensions>
<gpxtpx:TrackPointExtension>
<gpxtpx:speed>0</gpxtpx:speed>
</gpxtpx:TrackPointExtension>
<opentracks:accuracy_horizontal>2.5</opentracks:accuracy_horizontal></extensions>
</trkpt>
<trkpt lat="42.935008" lon="1.849586">
<ele>569</ele>
<time>2026-09-17T20:22:00.067+02:00</time>
<extensions>
<gpxtpx:TrackPointExtension>
<gpxtpx:speed>0</gpxtpx:speed>
</gpxtpx:TrackPointExtension>
<opentracks:accuracy_horizontal>3.6</opentracks:accuracy_horizontal></extensions>
</trkpt>
<trkpt lat="42.935031" lon="1.849646">
<ele>570.2</ele>
<time>2026-09-17T20:22:10.063+02:00</time>
<extensions>
<gpxtpx:TrackPointExtension>
<gpxtpx:speed>0</gpxtpx:speed>
</gpxtpx:TrackPointExtension>
<opentracks:accuracy_horizontal>3.7</opentracks:accuracy_horizontal></extensions>
</trkpt>
<trkpt lat="42.93511" lon="1.849715">
<ele>571.9</ele>
<time>2026-09-17T20:22:25.067+02:00</time>
<extensions>
<gpxtpx:TrackPointExtension>
<gpxtpx:speed>0</gpxtpx:speed>
</gpxtpx:TrackPointExtension>
<opentracks:accuracy_horizontal>42.1</opentracks:accuracy_horizontal></extensions>
</trkpt>
<trkpt lat="42.934934" lon="1.849681">
<ele>572.3</ele>
<time>2026-09-17T20:22:31.06+02:00</time>
<extensions>
<gpxtpx:TrackPointExtension>
<gpxtpx:speed>0</gpxtpx:speed>
</gpxtpx:TrackPointExtension>
<opentracks:accuracy_horizontal>7.6</opentracks:accuracy_horizontal></extensions>
</trkpt>
<trkpt lat="42.934916" lon="1.849553">
<ele>572.3</ele>
<time>2026-09-17T20:22:36.074+02:00</time>
<extensions>
<gpxtpx:TrackPointExtension>
<gpxtpx:speed>0</gpxtpx:speed>
</gpxtpx:TrackPointExtension>
<opentracks:accuracy_horizontal>5.2</opentracks:accuracy_horizontal></extensions>
</trkpt>
<trkpt lat="42.93487" lon="1.849441">
<ele>571.8</ele>
<time>2026-09-17T20:22:46.056+02:00</time>
<extensions>
<gpxtpx:TrackPointExtension>
<gpxtpx:speed>0</gpxtpx:speed>
</gpxtpx:TrackPointExtension>
<opentracks:accuracy_horizontal>5.3</opentracks:accuracy_horizontal></extensions>
</trkpt>
<trkpt lat="42.93487" lon="1.849356">
<ele>572.1</ele>
<time>2026-09-17T20:22:56.048+02:00</time>
<extensions>
<gpxtpx:TrackPointExtension>
<gpxtpx:speed>0</gpxtpx:speed>
</gpxtpx:TrackPointExtension>
<opentracks:accuracy_horizontal>3.4</opentracks:accuracy_horizontal></extensions>
</trkpt>
<trkpt lat="42.934928" lon="1.849263">
<ele>569.5</ele>
<time>2026-09-17T20:23:22.079+02:00</time>
<extensions>
<gpxtpx:TrackPointExtension>
<gpxtpx:speed>0</gpxtpx:speed>
</gpxtpx:TrackPointExtension>
<opentracks:accuracy_horizontal>4</opentracks:accuracy_horizontal></extensions>
</trkpt>
<trkpt lat="42.934911" lon="1.849211">
<ele>569.5</ele>
<time>2026-09-17T20:23:32.042+02:00</time>
<extensions>
<gpxtpx:TrackPointExtension>
<gpxtpx:speed>0</gpxtpx:speed>
</gpxtpx:TrackPointExtension>
<opentracks:accuracy_horizontal>3.7</opentracks:accuracy_horizontal></extensions>
</trkpt>
<trkpt lat="42.934814" lon="1.849216">
<ele>628.9</ele>
<time>2026-09-17T20:26:43.057+02:00</time>
<extensions>
<gpxtpx:TrackPointExtension>
<gpxtpx:speed>0</gpxtpx:speed>
</gpxtpx:TrackPointExtension>
<opentracks:accuracy_horizontal>7.6</opentracks:accuracy_horizontal></extensions>
</trkpt>
<trkpt lat="42.934795" lon="1.849273">
<ele>615.9</ele>
<time>2026-09-17T20:26:53.059+02:00</time>
<extensions>
<gpxtpx:TrackPointExtension>
<gpxtpx:speed>0</gpxtpx:speed>
</gpxtpx:TrackPointExtension>
<opentracks:accuracy_horizontal>7.8</opentracks:accuracy_horizontal></extensions>
</trkpt>
<trkpt lat="42.934625" lon="1.84929">
<ele>598.3</ele>
<time>2026-09-17T20:26:59.144+02:00</time>
<extensions>
<gpxtpx:TrackPointExtension>
<gpxtpx:speed>0</gpxtpx:speed>
</gpxtpx:TrackPointExtension>
<opentracks:accuracy_horizontal>5.2</opentracks:accuracy_horizontal></extensions>
</trkpt>
<trkpt lat="42.934518" lon="1.849316">
<ele>601.6</ele>
<time>2026-09-17T20:27:02.049+02:00</time>
<extensions>
<gpxtpx:TrackPointExtension>
<gpxtpx:speed>0</gpxtpx:speed>
</gpxtpx:TrackPointExtension>
<opentracks:accuracy_horizontal>4.5</opentracks:accuracy_horizontal></extensions>
</trkpt>
<trkpt lat="42.934626" lon="1.84933">
<ele>595.8</ele>
<time>2026-09-17T20:27:10.045+02:00</time>
<extensions>
<gpxtpx:TrackPointExtension>
<gpxtpx:speed>0</gpxtpx:speed>
</gpxtpx:TrackPointExtension>
<opentracks:accuracy_horizontal>3.7</opentracks:accuracy_horizontal></extensions>
</trkpt>
<trkpt lat="42.934686" lon="1.849294">
<ele>597.2</ele>
<time>2026-09-17T20:27:20.05+02:00</time>
<extensions>
<gpxtpx:TrackPointExtension>
<gpxtpx:speed>0</gpxtpx:speed>
</gpxtpx:TrackPointExtension>
<opentracks:accuracy_horizontal>3.4</opentracks:accuracy_horizontal></extensions>
</trkpt>
<trkpt lat="42.934603" lon="1.849408">
<ele>597.3</ele>
<time>2026-09-17T20:27:26.057+02:00</time>
<extensions>
<gpxtpx:TrackPointExtension>
<gpxtpx:speed>0</gpxtpx:speed>
</gpxtpx:TrackPointExtension>
<opentracks:accuracy_horizontal>4.3</opentracks:accuracy_horizontal></extensions>
</trkpt>
<trkpt lat="42.934521" lon="1.849475">
<ele>597.5</ele>
<time>2026-09-17T20:27:32.057+02:00</time>
<extensions>
<gpxtpx:TrackPointExtension>
<gpxtpx:speed>0</gpxtpx:speed>
</gpxtpx:TrackPointExtension>
<opentracks:accuracy_horizontal>6.1</opentracks:accuracy_horizontal></extensions>
</trkpt>
<trkpt lat="42.934421" lon="1.849415">
<ele>596.8</ele>
<time>2026-09-17T20:27:37.061+02:00</time>
<extensions>
<gpxtpx:TrackPointExtension>
<gpxtpx:speed>0</gpxtpx:speed>
</gpxtpx:TrackPointExtension>
<opentracks:accuracy_horizontal>7.3</opentracks:accuracy_horizontal></extensions>
</trkpt>
<trkpt lat="42.934565" lon="1.849413">
<ele>596.8</ele>
<time>2026-09-17T20:27:47.07+02:00</time>
<extensions>
<gpxtpx:TrackPointExtension>
<gpxtpx:speed>0</gpxtpx:speed>
</gpxtpx:TrackPointExtension>
<opentracks:accuracy_horizontal>8.1</opentracks:accuracy_horizontal></extensions>
</trkpt>
<trkpt lat="42.934653" lon="1.849375">
<ele>596.8</ele>
<time>2026-09-17T20:27:48.06+02:00</time>
<extensions>
<gpxtpx:TrackPointExtension>
<gpxtpx:speed>0</gpxtpx:speed>
</gpxtpx:TrackPointExtension>
<opentracks:accuracy_horizontal>7.5</opentracks:accuracy_horizontal></extensions>
</trkpt>
<trkpt lat="42.934726" lon="1.849418">
<ele>597.4</ele>
<time>2026-09-17T20:27:58.065+02:00</time>
<extensions>
<gpxtpx:TrackPointExtension>
<gpxtpx:speed>0</gpxtpx:speed>
</gpxtpx:TrackPointExtension>
<opentracks:accuracy_horizontal>44.2</opentracks:accuracy_horizontal></extensions>
</trkpt>
<trkpt lat="42.934833" lon="1.84949">
<ele>597.8</ele>
<time>2026-09-17T20:28:04.055+02:00</time>
<extensions>
<gpxtpx:TrackPointExtension>
<gpxtpx:speed>0</gpxtpx:speed>
</gpxtpx:TrackPointExtension>
<opentracks:accuracy_horizontal>6.4</opentracks:accuracy_horizontal></extensions>
</trkpt>
<trkpt lat="42.93511" lon="1.849531">
<ele>598.1</ele>
<time>2026-09-17T20:28:09.069+02:00</time>
<extensions>
<gpxtpx:TrackPointExtension>
<gpxtpx:speed>0</gpxtpx:speed>
</gpxtpx:TrackPointExtension>
<opentracks:accuracy_horizontal>48.9</opentracks:accuracy_horizontal></extensions>
</trkpt>
<trkpt lat="42.935308" lon="1.849498">
<ele>598.4</ele>
<time>2026-09-17T20:28:14.07+02:00</time>
<extensions>
<gpxtpx:TrackPointExtension>
<gpxtpx:speed>0</gpxtpx:speed>
</gpxtpx:TrackPointExtension>
<opentracks:accuracy_horizontal>7.7</opentracks:accuracy_horizontal></extensions>
</trkpt>
<trkpt lat="42.935303" lon="1.849478">
<ele>598.5</ele>
<time>2026-09-17T20:28:15.062+02:00</time>
<extensions>
<gpxtpx:TrackPointExtension>
<gpxtpx:speed>0</gpxtpx:speed>
</gpxtpx:TrackPointExtension>
<opentracks:accuracy_horizontal>7.7</opentracks:accuracy_horizontal></extensions>
</trkpt>
<trkpt lat="42.934735" lon="1.849301">
<ele>570.3</ele>
<time>2026-09-17T20:28:34.063+02:00</time>
<extensions>
<gpxtpx:TrackPointExtension>
<gpxtpx:speed>0</gpxtpx:speed>
</gpxtpx:TrackPointExtension>
<opentracks:accuracy_horizontal>9.8</opentracks:accuracy_horizontal></extensions>
</trkpt>
<trkpt lat="42.934816" lon="1.84924">
<ele>579.6</ele>
<time>2026-09-17T20:28:36.079+02:00</time>
<extensions>
<gpxtpx:TrackPointExtension>
<gpxtpx:speed>0</gpxtpx:speed>
</gpxtpx:TrackPointExtension>
<opentracks:accuracy_horizontal>8.1</opentracks:accuracy_horizontal></extensions>
</trkpt>
<trkpt lat="42.934916" lon="1.849206">
<ele>558.1</ele>
<time>2026-09-17T20:28:45.094+02:00</time>
<extensions>
<gpxtpx:TrackPointExtension>
<gpxtpx:speed>0</gpxtpx:speed>
</gpxtpx:TrackPointExtension>
<opentracks:accuracy_horizontal>6.1</opentracks:accuracy_horizontal></extensions>
</trkpt>
<trkpt lat="42.934916" lon="1.849158">
<ele>526.6</ele>
<time>2026-09-17T20:28:55.049+02:00</time>
<extensions>
<gpxtpx:TrackPointExtension>
<gpxtpx:speed>0</gpxtpx:speed>
</gpxtpx:TrackPointExtension>
<opentracks:accuracy_horizontal>5.3</opentracks:accuracy_horizontal></extensions>
</trkpt>
<trkpt lat="42.934921" lon="1.849283">
<ele>557.3</ele>
<time>2026-09-17T20:29:07.07+02:00</time>
<extensions>
<gpxtpx:TrackPointExtension>
<gpxtpx:speed>0</gpxtpx:speed>
</gpxtpx:TrackPointExtension>
<opentracks:accuracy_horizontal>4.5</opentracks:accuracy_horizontal></extensions>
</trkpt>
<trkpt lat="42.934931" lon="1.849254">
<ele>563.6</ele>
<time>2026-09-17T20:29:17.065+02:00</time>
<extensions>
<gpxtpx:TrackPointExtension>
<gpxtpx:speed>0</gpxtpx:speed>
</gpxtpx:TrackPointExtension>
<opentracks:accuracy_horizontal>4.2</opentracks:accuracy_horizontal></extensions>
</trkpt>
<trkpt lat="42.934844" lon="1.849305">
<ele>572</ele>
<time>2026-09-17T20:31:06.041+02:00</time>
<extensions>
<gpxtpx:TrackPointExtension>
<gpxtpx:speed>0</gpxtpx:speed>
</gpxtpx:TrackPointExtension>
<opentracks:accuracy_horizontal>3.2</opentracks:accuracy_horizontal></extensions>
</trkpt>
<trkpt lat="42.934803" lon="1.849353">
<ele>571.1</ele>
<time>2026-09-17T20:31:10.064+02:00</time>
<extensions>
<gpxtpx:TrackPointExtension>
<gpxtpx:speed>0</gpxtpx:speed>
</gpxtpx:TrackPointExtension>
<opentracks:accuracy_horizontal>4</opentracks:accuracy_horizontal></extensions>
</trkpt>
<trkpt lat="42.934901" lon="1.849183">
<ele>586.6</ele>
<time>2026-09-17T20:31:27.058+02:00</time>
<extensions>
<gpxtpx:TrackPointExtension>
<gpxtpx:speed>0</gpxtpx:speed>
</gpxtpx:TrackPointExtension>
<opentracks:accuracy_horizontal>9.2</opentracks:accuracy_horizontal></extensions>
</trkpt>
<trkpt lat="42.934991" lon="1.849126">
<ele>581.4</ele>
<time>2026-09-17T20:31:33.062+02:00</time>
<extensions>
<gpxtpx:TrackPointExtension>
<gpxtpx:speed>0</gpxtpx:speed>
</gpxtpx:TrackPointExtension>
<opentracks:accuracy_horizontal>6.4</opentracks:accuracy_horizontal></extensions>
</trkpt>
<trkpt lat="42.935093" lon="1.849138">
<ele>554.8</ele>
<time>2026-09-17T20:31:35.027+02:00</time>
<extensions>
<gpxtpx:TrackPointExtension>
<gpxtpx:speed>0</gpxtpx:speed>
</gpxtpx:TrackPointExtension>
<opentracks:accuracy_horizontal>5.9</opentracks:accuracy_horizontal></extensions>
</trkpt>
<trkpt lat="42.935156" lon="1.849228">
<ele>560.3</ele>
<time>2026-09-17T20:31:43.059+02:00</time>
<extensions>
<gpxtpx:TrackPointExtension>
<gpxtpx:speed>0</gpxtpx:speed>
</gpxtpx:TrackPointExtension>
<opentracks:accuracy_horizontal>5.3</opentracks:accuracy_horizontal></extensions>
</trkpt>
<trkpt lat="42.935246" lon="1.849253">
<ele>562.5</ele>
<time>2026-09-17T20:31:52.056+02:00</time>
<extensions>
<gpxtpx:TrackPointExtension>
<gpxtpx:speed>0</gpxtpx:speed>
</gpxtpx:TrackPointExtension>
<opentracks:accuracy_horizontal>5</opentracks:accuracy_horizontal></extensions>
</trkpt>
</trkseg>
</trk>
</gpx>
